Adı,Doğum Tarihi,Pozisyon,Son Takımı,Maç Sayısı,Gol Sayısı,Sarı Kart,Kırmızı Kart
Cristiano Ronaldo,1985,F,Al Nassr,1153,826,11,
Lionel Messi,1987,F,Inter Miami,1033,805,3,
Robert Lewandowski,1988,F,Barcelona,740,556,2,
Zlatan Ibrahimovic,1981,F,Milan,873,526,14,
Luis Suarez,1987,F,Gremio,837,505,2,
Gerd Müller,1945,F,Fort Lauderdale Strikers,522,456,1,
Karim Benzema,1987,F,Al Ittihad-Jeddah,873,450,0,
Edinson Cavani,1987,F,Valencia,761,419,4,
Neymar,1992,F,PSG,636,410,9,
Sergio Agüero,1988,F,Barcelona,711,395,4,
Hakan Şükür,1971,F,Galatasaray,830,383,1,
Metin Oktay,1936,F,Galatasaray,468,377,1,
Raul Gonzalez,1977,F,NY Cosmos,868,363,0,
Klaas-Jan Huntelaar,1983,F,Schalke 04,650,359,6,
David Villa,1981,F,Vissel Kobe,679,357,7,
Edin Dzeko,1986,F,Fenerbahçe,804,356,3,
Harry Kane,1993,F,Tottenham,580,356,0,
Samuel Eto'o,1981,F,Qatar SC,736,354,5,
Romelu Lukaku,1993,F,Chelsea,688,354,2,
Toni Polster,1964,F,Salzburg,621,351,3,
Gonzalo Higuain,1987,F,Inter Miami,732,346,5,
Wayne Rooney,1985,F,Derby County,830,340,8,
Bafetimbi Gomis,1985,F,Galatasaray,735,339,2,
Eran Zahavi,1987,O,Maccabi Tel Aviv,495,335,2,
Andre-Pierre Gignac,1985,F,Tigres UANL,720,334,3,
Tanju Çolak,1963,F,İstanbulspor,419,332,2,
Hulk,1986,F,Atletico Mineiro,639,326,5,
Pierre Aubameyang,1989,F,Marsilya,602,317,2,
Burak Yılmaz,1985,F,Fortuna Sittard,691,313,9,
Robbie Keane,1980,F,Atletico de Kolkata,679,311,2,
Robin van Persie,1983,F,Feyenoord,686,310,5,
Vivianne Miedema,1996,F,Arsenal (K),327,310,0,
Oscar Cardozo,1983,F,Libertad,662,302,8,
Mohamed Salah,1992,F,Liverpool,582,298,1,
Mario Gomez,1985,F,Stuttgart,597,297,1,
Radamel Falcao,1986,F,Rayo Vallecano,570,296,1,
Klaus Fischer,1949,F,Bochum,576,294,1,
Ciro Immobile,1990,F,Lazio,533,293,3,
Fred,1983,F,Fluminense,616,292,13,
Vagner Love,1984,F,Sport Recife,607,290,6,
Kylian Mbappe,1998,F,PSG,410,290,3,
Hami Mandıralı,1968,F,MKE Ankaragücü,644,289,1,
Hakkı Yeten,1910,F,Beşiktaş,325,284,2,
Antoine Griezmann,1991,F,Atletico Madrid,732,283,2,
Di Stefano,1926,F,Espanyol,396,282,3,
Didier Drogba,1978,F,Phoenix Rising,616,280,7,
Silvio Piola,1913,F,Novara,541,279,6,
Alessandro Del Piero,1974,F,Odisha FC,702,276,2,
Olivier Giroud,1986,F,Milan,670,276,5,
Youssef El-Arabi,1987,F,Olympiakos,498,275,1,
Jupp Heynckes,1945,O,Mönchengladbach,442,273,0,
Rudi Völler,1960,F,Bayer Leverkusen,566,273,1,
Thomas Müller,1989,F,Bayern Münih,774,271,2,
Marcus Berg,1986,F,Göteborg,587,271,4,
Miroslav Klose,1978,F,Lazio,667,270,4,
Jermain Defoe,1982,F,Sunderland,709,269,2,
Francesco Totti,1976,F,Roma,760,268,13,
Eugenie Le Sommer,1989,F,Lyon (K),395,267,1,
Pernille Mosegaard-Harder,1992,O,Chelsea (K),355,264,0,
Claudio Pizarro,1978,F,Werder Bremen,661,263,3,
Dimitar Berbatov,1981,F,Kerala Blasters,634,262,1,
Fernando Torres,1984,F,Sagan Tosu,757,261,7,
Daniela Sabatino,1985,F,Sassuolo (K),340,261,0,
Şeref Görkey,1913,F,Beşiktaş,312,261,2,
Alan Shearer,1970,F,Newcastle United,459,260,2,
Hugo Sanchez,1958,F,FC Dallas,400,259,6,
German Cano,1988,F,Fluminense,497,258,1,
Nemanja Nikolics,1987,F,Pendikspor,473,258,0,
Lukas Podolski,1985,F,Gornik Zabrze,738,257,4,
Bas Dost,1989,F,Utrecht,518,257,0,
Karl-Heinz Rummenigge,1955,F,Servette,518,255,1,
Roy Makaay,1975,F,Feyenoord,520,254,0,
Abderazak Hamdallah,1990,F,Al Ittihad-Jeddah,303,254,0,
Andriy Shevchenko,1976,F,Dynamo Kiev,529,253,1,
Aleksandar Mitrovic,1994,F,Fulham,501,253,6,
Lefter Küçükandonyadis,1924,F,Boluspor,471,253,4,
Roberto Baggio,1967,F,Brescia,539,251,3,
Zarra,1921,F,Athletic Bilbao,277,251,1,
Manfred Burgsmüller,1949,F,Werder Bremen,520,251,0,
Claudiu Keserü,1986,F,UTA Arad,588,251,2,
Jürgen Klinsmann,1964,F,OC Blue Star,543,249,0,
Dirk Kuyt,1980,F,Feyenoord,714,248,0,
Jose Altafini,1938,F,Chiasso,502,248,2,
Jardel,1973,F,Beira-Mar,275,247,3,
Dieter Müller,1954,F,Kickers Offenbach,413,246,0,
Anja Mittag,1985,F,RB Leipzig (K),355,246,0,
Aykut Kocaman,1965,F,İstanbulspor,482,246,0,
Ronaldo,1976,F,Corinthians,377,245,3,
Rannva Biskopsto Andreasen,1980,O,KI (K),268,245,1,
Ruben Castro,1981,F,Malaga,579,245,0,
Wissam Ben Yedder,1990,F,Monaco,498,243,1,
Carlos Tevez,1984,F,Boca Juniors,622,242,3,
Dries Mertens,1987,F,Galatasaray,710,242,2,
Santillana,1952,F,Real Madrid,570,242,0,
Feyyaz Uçar,1963,F,Kuşadasıspor,515,241,2,
Alexandre Lacazette,1991,F,Lyon,551,240,4,
Ali Mabkhout,1990,F,Al Jazira Abu Dhabi,312,240,0,
Jonas,1984,F,Benfica,432,239,6,
Ada Hegerberg,1995,F,Lyon (K),275,239,0,
Ruud Van Nistelrooy,1976,F,Malaga,435,238,1,
Omar Al Somah,1989,F,Al Arabi,297,237,1,
Andrej Kramaric,1991,F,Hoffenheim,521,235,1,
Antonio Di Natale,1977,F,Udinese,518,234,1,
Gabriel Barbosa,1996,F,Flamengo,487,234,8,
Sadio Mane,1992,F,Bayern Münih,561,234,7,
Heung-min Son,1992,F,Tottenham,653,234,4,
Baghdad Bounedjah,1991,F,Al Sadd,279,233,2,
Ulf Kirsten,1965,F,Bayer Leverkusen,460,232,5,
Erling Haaland,2000,F,Manchester City,283,232,0,
Kevin Gameiro,1987,F,RC Strasbourg,668,232,1,
Umut Bulut,1983,F,Eyüpspor,761,231,6,
Teemu Pukki,1990,F,Minnesota United,597,231,0,
Alexis Sanchez,1988,F,Marsilya,734,231,5,
Lisandro Lopez,1983,F,CA Sarmiento,610,230,4,
Alexandra Popp,1991,F,Wolfsburg (K),461,230,2,
Gunnar Nordahl,1921,F,Roma,296,229,2,
Alberto Gilardino,1982,F,Spezia,655,228,1,
Quini,1949,F,Sporting Gijon,490,228,0,
Peter Pacult,1959,F,Austria Wien,499,228,3,
Luuk de Jong,1990,F,PSV Eindhoven,599,228,1,
Mustafa Kocabey,1974,O,Adapazarı Spor,462,227,1,
Cristiana Girelli,1990,F,Juventus (K),363,227,0,
Mauro Boselli,1985,F,Estudiantes,513,227,1,
Arjen Robben,1984,O,Groningen,591,227,4,
Luis Fabiano,1980,F,Vasco da Gama,461,226,11,
Heidi Sevdal,1989,O,NSI (K),228,226,2,
Alvaro Negredo,1985,F,Cadiz,602,226,7,
Chicharito,1988,F,Los Angeles Galaxy,549,226,2,
Johann Krankl,1953,F,Salzburg,344,226,3,
Cesar,1920,F,Elche,354,226,0,
Filippo Inzaghi,1973,F,Milan,507,226,1,
Bobo,1985,F,Sydney,510,225,2,
Patrizia Panico,1975,F,Fiorentina (K),209,225,0,
Frank Mill,1958,F,Fortuna Düsseldorf,582,224,6,
Marta Vieira da Silva,1986,F,Orlando Pride (K),346,224,3,
Marco Di Vaio,1976,F,CF Montreal,545,222,2,
Samantha May Kerr,1993,F,Chelsea (K),350,222,2,
Giuseppe Meazza,1910,F,Inter,377,221,6,
Marco Reus,1989,O,Borussia Dortmund,566,221,2,
Gareth Bale,1989,F,Los Angeles FC,606,221,3,
Marco Reus,1989,O,Borussia Dortmund,566,221,2,
Gareth Bale,1989,F,Los Angeles FC,606,221,3,
Alex de Souza,1977,O,Coritiba,422,220,3,
Fritz Walter,1960,F,Ulm 1846,473,220,0,
Artem Dzyuba,1988,F,Lokomotiv Moscow,540,220,1,
Michael Owen,1979,F,Stoke City,479,219,1,
Diego Forlan,1979,F,Kitchee,611,219,1,
Serkan Aykut,1975,F,Samsunspor,416,218,4,
Nuno Gomes,1976,F,Blackburn Rovers,606,218,6,
Nene,1981,F,Vasco da Gama,785,218,6,
Kris Boyd,1983,F,Kilmarnock,458,216,2,
Luca Toni,1977,F,Hellas Verona,458,215,1,
Joe Gormley,1989,F,Cliftonville,338,215,0,
Cemil Turan,1947,F,Fenerbahçe,523,215,0,
Roberto Soldado,1985,F,Levante,599,215,7,
Jonathan Soriano,1985,F,CD Castellon,329,215,1,
Rivaldo,1972,F,Mogi Mirim,410,214,2,
Kurt Hamrin,1934,F,Napoli,440,214,0,
Klaus Allofs,1956,F,Werder Bremen,512,214,1,
Aritz Aduriz,1981,F,Athletic Bilbao,567,212,9,
Roque Santa Cruz,1981,F,Libertad,770,211,0,
Paolo Guerrero,1984,F,Racing Club,607,211,6,
Rogelio Funes Mori,1991,F,Monterrey,477,209,5,
Charlotta 'Lotta' Eva Schelin,1984,F,Rosengard (K),247,209,0,
Danny Rowe,1989,F,Chesterfield,371,209,0,
Pahino,1924,F,Granada,278,209,1,
Şükrü Gülesin,1922,F,Galatasaray,295,209,0,
Bruno Labbadia,1966,F,Karlsruher SC,560,208,2,
David Trezeguet,1977,F,Pune FC,417,207,2,
Alvaro Morata,1992,F,Atletico Madrid,553,207,5,
Christian Vieri,1973,F,Atalanta,392,206,4,
Timo Werner,1996,F,RB Leipzig,484,206,0,
Gabriel Batistuta,1969,F,Inter,372,206,4,
Mario Mandzukic,1986,F,Milan,536,205,2,
Andriy Yarmolenko,1989,F,Dynamo Kiev,574,204,5,
Simon Terodde,1988,F,Schalke 04,397,203,0,
Karl Allgöwer,1957,O,Stuttgart,489,203,0,
Lothar Emmerich,1941,F,Würzburger Kickers,336,202,1,
Elise Hove Thorsnes,1988,F,Valerenga (K),347,202,1,
Iago Aspas,1987,F,Celta Vigo,447,202,4,
Giuseppe Signori,1968,F,Iraklis Thessaloniki,390,201,2,
Michy Batshuayi,1993,F,Fenerbahçe,482,201,3,
Peter Utaka,1984,F,Ventforet Kofu,480,201,1,
Horst Hrubesch,1951,F,Borussia Dortmund,306,200,0,
Harpa Thorsteinsdottir,1986,F,Stjarnan (K),233,200,1,
Dairo Moreno,1985,F,Once Caldas,437,200,1,
Fabio Quagliarella,1983,F,Sampdoria,631,200,2,
Dusan Tadic,1988,O,Fenerbahçe,661,199,1,
Saffet Sancaklı,1966,F,Konyaspor,403,198,2,
Rory McAllister,1987,F,Montrose,392,198,6,
Eden Hazard,1991,F,Real Madrid,734,198,1,
Kevin Kuranyi,1982,F,Dinamo Brest,513,197,2,
Mauro Icardi,1993,F,Galatasaray,381,197,0,
Leigh Griffiths,1990,F,Dundee FC,434,197,0,
Jelle Vossen,1989,F,SV Zulte Waregem,533,197,2,
Luiz Adriano,1987,F,Internacional,509,197,4,
Dieumerci Mbokani,1985,F,Waasland-Beveren,444,197,4,
Salomon Kalou,1985,F,CDE-Colas,642,197,0,
Ferenc Puskas,1927,F,Real Madrid,228,197,1,
Steven Gerrard,1980,O,Los Angeles Galaxy,790,196,7,
Gregory Draper,1989,F,Guilsfield,274,196,1,
Dragan Ceran,1987,F,Pakhtakor Tashkent,324,196,3,
Eoin Doyle,1988,F,St Patricks,550,196,4,
Stefan Kuntz,1962,F,Bochum,507,196,1,
Liedson,1977,F,Porto,377,195,3,
Mundo,1916,F,Alcoyano,231,195,0,
Diego Souza,1985,O,Gremio,602,195,10,
Guillaume Hoarau,1984,F,Saint-Pierroise,402,195,2,
Kostas Mitroglou,1988,F,Aris Saloniki,438,194,1,
Renate Jansen,1990,F,Twente (K),370,194,0,
Yıldıray Koçal,1990,F,Çankaya FK,377,194,1,
Christian Stuani,1986,F,Girona,534,194,4,
Billy Sharp,1986,F,Sheffield United,525,193,2,
Gökhan Erdöl,1986,F,52 Orduspor FK,534,193,1,
Mert Nobre,1980,F,Gençlerbirliği,520,192,7,
Memphis Depay,1994,F,Atletico Madrid,496,192,1,
Seydou Doumbia,1987,F,Hamrun Spartans,362,192,2,
Carlos Vela,1989,F,Los Angeles FC,571,192,0,
Ertuğrul Sağlam,1969,F,Samsunspor,512,191,5,
Fevzi Zemzem,1941,F,İskenderunspor,404,191,1,
Djibril Cisse,1981,F,Yverdon,473,190,3,
Berglind Björg Thorvaldsdottir,1992,O,PSG (K),308,190,0,
Hannes Löhr,1942,F,Köln,433,190,1,
Elkeson,1989,F,Chengdu Qianbao,444,190,1,
Roberto Boninsegna,1943,F,Juventus,419,190,2,
Necati Ateş,1980,F,Karşıyaka,519,189,1,
Jill Jamie Roord,1997,O,Wolfsburg (K),366,189,0,
Margret Lara Vidarsdottir,1986,F,Valur (K),232,189,1,
Isabell Herlovsen,1988,F,Kolbotn (K),247,189,1,
Raheem Sterling,1994,F,Chelsea,594,189,2,
Odion Ighalo,1989,F,Al Hilal Riyadh,418,189,1,
Hakan Doğan,1990,F,Niksar Belediyespor,375,189,2,
Mario Balotelli,1990,F,Adana Demirspor,470,189,14,
Lothar Matthaus,1961,O,New York Red Bulls,734,189,4,
Ricardo Oliveira,1980,F,Athletic Club,469,189,2,
Oribe Peralta,1984,F,Guadalajara,474,188,5,
Diana Tropnykova,1986,F,Zorka-BDU (K),238,188,1,
Carlos Bacca,1986,F,Junior,506,188,2,
Raul Ruidiaz,1990,F,Seattle Sounders,373,188,2,
Ricky van Wolfswinkel,1989,F,Twente,520,187,1,
Paul Heatley,1987,F,Crusaders FC,372,187,6,
Inka Grings,1978,F,Köln (K),150,187,1,
Chris Wondolowski,1983,F,San Jose Earthquakes,424,187,2,
Nicolas Anelka,1979,F,Mumbai City,602,186,1,
Stina Blackstenius,1996,O,Arsenal (K),366,186,0,
Lieke Martens,1992,O,PSG (K),428,186,1,
Dieter Schatzschneider,1958,F,Hannover 96,328,186,1,
Roland Wohlfarth,1963,F,Wuppertaler SV,428,186,2,
Alexandre Pato,1989,F,Sao Paulo,481,186,0,
Gianluca Vialli,1964,F,Chelsea,480,186,3,
Alessandro Altobelli,1955,F,Juventus,440,185,3,
Shota Arveladze,1973,F,Levante,303,184,2,
Vincent Aboubakar,1992,F,Beşiktaş,436,184,6,
Mehmet Özdilek,1966,O,Beşiktaş,622,184,3,
Mario Kempes,1954,F,Kremser SC,391,184,0,
Michael Preetz,1967,F,Hertha Berlin,539,183,0,
Patrick Madden,1990,F,Stockport County,524,183,2,
Vedad Ibisevic,1984,F,Schalke 04,505,183,6,
Robinho,1984,F,Santos,639,183,1,
Elvir Bolic,1971,F,Rijeka,490,183,4,
Robinho,1984,F,Santos,639,183,1,
Elvir Bolic,1971,F,Rijeka,490,183,4,
Chris Wood,1991,F,Nottingham Forest,533,182,0,
Fernando Zampedri,1988,F,Universidad Catolica,378,182,5,
Chris Venables,1985,F,Penybont,308,182,9,
Jose Sand,1980,F,Lanus,424,182,2,
Alan,1989,F,Fluminense,346,182,4,
Demba Ba,1985,F,Lugano,418,182,0,
Angel Di Maria,1988,O,Benfica,794,182,10,
Fernando Llorente,1985,F,Eibar,625,182,1,
Fatih Tekke,1977,F,Orduspor,447,181,7,
Arza,1923,F,Sevilla,353,181,0,
Jose Salomon Rondon,1989,F,River Plate,526,181,4,
Christian Gytkjaer,1990,F,Monza,404,181,1,
Bernd Hölzenbein,1946,F,Salmrohr,475,181,1,
Giampiero Boniperti,1928,F,Juventus,450,181,4,
David Lafata,1981,F,Sparta Prag,306,180,1,
Fabio Lima,1993,O,Al Wasl Dubai,260,180,2,
Luis Aragones,1938,F,Atletico Madrid,398,180,2,
Silvio Romero,1988,F,Fortaleza,550,180,2,
Silvio Romero,1988,F,Fortaleza,550,180,2,
Maxi Rodriguez,1981,F,Newells Old Boys,641,179,2,
Ewa Pajor,1996,O,Wolfsburg (K),242,179,1,
Jenifer Hermoso,1990,O,Barcelona (K),272,179,0,
Alfredo Morelos,1996,F,Rangers,369,179,8,
Henrikh Mkhitaryan,1989,O,Inter,658,179,1,
Alvaro Saborio,1982,F,San Carlos,419,179,2,
Ronnie Worm,1953,F,Braunschweig,492,179,0,
Emmanuel Adebayor,1984,F,Club Olimpia,542,178,7,
Wout Weghorst,1992,F,Burnley,459,178,1,
Miguel Borja,1993,F,River Plate,444,178,5,
Gianluca Lapadula,1990,F,Cagliari,391,178,4,
Leandro Damiao,1989,F,Kawasaki Frontale,481,178,1,
Pedro,1987,F,Lazio,716,178,3,
Theofanis Gekas,1980,F,Sivasspor,386,178,1,
Gorostiza,1909,F,Valencia,260,178,0,
Ivica Vastic,1969,O,LASK Linz,398,178,5,
Kenny Miller,1979,F,Partick Thistle,553,178,2,
Ümit Karan,1976,F,Eskişehirspor,453,177,4,
Jimmy Floyd Hasselbaink,1972,F,Cardiff City,338,177,4,
Jamie Vardy,1987,F,Leicester City,454,177,3,
Enner Valencia,1989,F,Internacional,457,177,3,
Dejan Damjanovic,1981,F,Kitchee,341,177,1,
Marco Paixao,1984,F,Altay,359,177,0,
Padraig Amond,1988,F,Woking,544,177,0,
Rodrigo Tabata,1980,O,Al Sadd,377,177,5,
Diego Costa,1988,F,Wolverhampton,467,177,7,
Wesley Sneijder,1984,O,Al Gharafa,644,177,4,
Jimmy Floyd Hasselbaink,1972,F,Cardiff City,338,177,4,
Peter Crouch,1981,F,Burnley,621,176,4,
Giuseppe Savoldi,1947,F,Atalanta,427,176,2,
Roberto Firmino,1991,F,Al Ahli Jeddah,571,176,0,
Adam Rooney,1988,F,Hereford FC,503,176,0,
Gary Hooper,1988,F,Omonia Nicosia,402,176,0,
Graziano Pelle,1985,F,Parma,437,176,4,
Gianfranco Zola,1966,F,Cagliari,563,175,1,
Diogo,1987,F,Johor DT,350,175,6,
Jo,1987,F,Corinthians,554,175,3,
Luigi Riva,1944,F,Cagliari,315,175,2,
Patrick Kluivert,1976,F,Lille,417,175,4,
Patrick Kluivert,1976,F,Lille,417,175,4,
Milan Baros,1981,F,Banik Ostrava,505,174,7,
Manon Melis,1986,F,Seattle Reign (K),233,174,1,
Arkadiusz Milik,1994,F,Juventus,433,174,2,
Dieter Hoeness,1952,F,Bayern Münih,389,174,0,
Dame N'Doye,1985,F,FC Copenhagen,418,174,1,
Gonzalo Bergessio,1984,F,Tristan Suarez,528,174,12,
Amadeo Amadei,1921,F,Napoli,424,174,0,
Simao Sabrosa,1979,O,NorthEast United,689,174,5,
Santiago Salcedo,1981,F,Sol De America,448,174,3,
Giovane Elber,1972,F,Cruzeiro,368,173,3,
Joaquin Larrivey,1984,F,Magallanes,508,173,4,
Stefan Kiessling,1984,F,Bayer Leverkusen,508,173,2,
Uwe Seeler,1936,F,Hamburg,291,173,0,
Roberto Mancini,1964,F,Leicester City,621,173,8,
Kaka,1982,O,Orlando City,571,173,4,
Nils Petersen,1988,F,Freiburg,452,172,1,
Kevin De Bruyne,1991,O,Manchester City,682,172,2,
Oktay Derelioğlu,1975,F,Fatih Karagümrük,377,171,0,
Diego Milito,1979,F,Racing Club,402,171,1,
Jean-Pierre Nsame,1993,F,Young Boys,334,171,3,
Julio Salinas,1962,F,Deportivo Alaves,484,171,0,
Markus Rosenberg,1982,F,Malmö FF,516,171,4,
Diego Milito,1979,F,Racing Club,402,171,1,
Davor Suker,1968,F,1860 München,366,170,5,
Eduard Golovljov,1997,F,FC Tallinn,263,170,1,
Jamie Maclaren,1993,F,Melbourne City,299,170,1,
Quincy Promes,1992,F,Spartak Moskova,441,170,1,
Camille Abily,1984,O,Lyon (K),307,170,0,
Liam Boyce,1991,F,Hearts,365,170,1,
Besart Ibraimi,1986,F,Struga,333,170,0,
Ivan Perisic,1989,F,Tottenham,716,170,5,
Jozy Altidore,1989,F,New England Revolution,494,170,6,
Frederic Kanoute,1977,F,Beijing Guoan,436,169,5,
Emmanuel Gigliotti,1987,F,Nacional de Football,490,169,7,
Alex Teixeira,1990,O,Vasco da Gama,440,169,6,
Mario Gavranovic,1989,F,Kayserispor,446,169,2,
Andre Ayew,1989,F,Nottingham Forest,590,169,3,
Papiss Cisse,1985,F,Amiens SC,397,169,2,
Fernando Morientes,1976,F,Marsilya,433,169,3,
Francesco Caputo,1987,F,Empoli,424,169,3,
Emmanuel Gigliotti,1987,F,Nacional de Football,490,169,7,
Alex Teixeira,1990,O,Vasco da Gama,440,169,6,
Mario Gavranovic,1989,F,Kayserispor,446,169,2,
Andre Ayew,1989,F,Nottingham Forest,590,169,3,
Papiss Cisse,1985,F,Amiens SC,397,169,2,
Fernando Morientes,1976,F,Marsilya,433,169,3,
Massimo Maccarone,1979,F,Carrarese,597,168,3,
Raily Ignacio,1987,F,AFC Amsterdamsche,300,168,4,
Christian Benteke,1990,F,DC United,522,168,7,
Milivoje Novakovic,1979,F,Maribor,403,168,3,
Yuri,1982,F,Ponferradina,434,168,5,
Andrea Caracciolo,1981,F,FeralpiSalo,523,168,7,
Scott McDonald,1983,F,Gold Coast Knights,505,168,2,
Robbie Fowler,1975,F,Blackburn Rovers,403,167,2,
Osman Arpacıoğlu,1947,F,Fenerbahçe,366,167,5,
Ahmet Güven,1985,F,Samsun BŞBld.,414,167,3,
Moussa Sow,1986,F,Ümraniyespor,457,167,0,
Diego Tardelli,1985,F,Atletico Mineiro,407,167,3,
Obafemi Martins,1984,F,Shanghai Shenhua,456,167,3,
Moussa Sow,1986,F,Ümraniyespor,457,167,0,
Diego Tardelli,1985,F,Atletico Mineiro,407,167,3,
Obafemi Martins,1984,F,Shanghai Shenhua,456,167,3,
Asamoah Gyan,1985,F,NorthEast United,342,166,4,
Michael Olunga,1994,F,Al Duhail SC,233,166,0,
Jordan Owens,1989,F,Crusaders FC,385,166,1,
Andrew Waterworth,1986,F,Glenavon FC,330,166,1,
Lorenzo Insigne,1991,F,Toronto FC,561,166,3,
Shinzo Koroki,1986,F,Urawa Red Diamonds,440,166,1,
Cenk Tosun,1991,F,Beşiktaş,429,166,2,
Fredy Montero,1987,F,Seattle Sounders,482,166,3,
David Goodwillie,1989,F,Clyde,432,166,1,
Ola Toivonen,1986,F,Malmö FF,509,166,1,
Hernan Barcos,1984,F,Alianza Lima,433,165,2,
James Norwood,1990,F,Oldham Athletic,413,165,6,
Guglielmo Gabetto,1916,F,Torino,322,165,1,
Riyad Mahrez,1991,O,Al Ahli Jeddah,549,165,0,
Gilberto,1989,F,Cruzeiro,451,165,2,
Aleksandar Prijovic,1990,F,Western United,425,165,1,
Clint Dempsey,1983,F,Seattle Sounders,466,165,4,
Clint Dempsey,1983,F,Seattle Sounders,466,165,4,
Enrico Chiesa,1970,F,Robur Siena,431,164,2,
Yevhen Seleznyov,1985,F,Minai,428,164,3,
Ivan Krstanovic,1983,F,Slaven Belupo,460,164,6,
Hamdi Harbaoui,1985,F,Al Arabi,313,164,2,
Ola Kamara,1989,F,Hacken,421,164,1,
Uwe Bein,1960,O,Eintracht Frankfurt,460,163,1,
Lawrence Shankland,1995,O,Hearts,333,163,2,
Jane Ross,1989,F,İskoçya (K),276,163,0,
Kim Little,1990,O,Arsenal (K),318,163,0,
Gerard Moreno,1992,F,Villarreal,412,163,1,
Gaetane Thiney,1985,F,Paris (K),321,163,2,
Gündüz Kılıç,1919,F,Galatasaray,221,163,4,
Ivan Trickovski,1987,O,AEK Larnaca,437,163,1,
Gerard Gohou,1988,F,Aktobe,299,163,1,
Jeremy Perbet,1984,F,RFC Liege,362,163,1,
Hugo Almeida,1984,F,Academica,540,163,10,
Pauleta,1973,F,PSG,358,162,3,
Dani,1951,F,Athletic Bilbao,334,162,1,
Francesco Tavano,1979,F,Carrarese,439,162,0,
Klaemint Olsen,1990,F,Breidablik,321,162,0,
Guido Burgstaller,1989,O,Rapid Wien,486,162,4,
Emilio Butragueno,1963,F,Celaya,445,162,0,
Dani,1951,F,Athletic Bilbao,334,162,1,
Francesco Tavano,1979,F,Carrarese,439,162,0,
Rafael van der Vaart,1983,O,Esbjerg,534,161,4,
Paul Mullin,1994,O,Wrexham,395,161,1,
Rauno Sappinen,1996,F,Hapoel Jerusalem,342,161,1,
Rolando Blackburn,1990,F,Tauro FC,387,161,2,
Tony Yeboah,1966,F,Hamburg,360,161,2,
Tim Matavz,1989,F,Gorica,463,161,2,
Francisco Gento,1933,F,Real Madrid,554,161,1,
Burhan Coşkun,1981,O,Çubukspor F.A.Ş.,503,160,9,
Ivan Toney,1996,F,Brentford,383,160,4,
Junior Negrao,1986,F,Sichuan Jiuniu,315,160,0,
Julio Furch,1989,F,Atlas,477,160,3,
Emilio Zelaya,1987,F,Karmiotissa,452,160,2,
Wellington Paulista,1984,F,America Mineiro,556,160,7,
Dario Tadic,1990,F,St. Pölten,384,160,1,
Adrian Mutu,1979,O,Targu Mureş,468,160,5,
Wellington Paulista,1984,F,America Mineiro,556,160,7,
Dario Tadic,1990,F,St. Pölten,384,160,1,
Adrian Mutu,1979,O,Targu Mureş,468,160,5,
Gökhan Ünal,1982,F,Van Spor FK,462,159,2,
Lautaro Martinez,1997,F,Inter,359,159,3,
Lea Schüller,1997,F,Bayern München (K),274,159,0,
Marcos Riquelme,1989,F,Oriente Petrolero,357,159,10,
Carlos Saucedo,1979,F,Santa Cruz,286,159,0,
Siegfried Reich,1959,F,Wolfsburg,356,159,3,
Friedhelm Funkel,1953,O,Uerdingen,499,159,0,
Anthony Modeste,1988,F,Borussia Dortmund,437,159,3,
Bakero,1963,O,Veracruz,567,159,0,
Tuncay Şanlı,1982,F,Pune City,556,158,3,
Josef Martinez,1993,F,Inter Miami,396,158,1,
Junior Moraes,1987,F,Corinthians,324,158,4,
Ricardo Goulart,1991,F,Bahia,368,158,1,
Hamdi Salihi,1984,F,SC Wiener Neustadt,317,158,1,
Matt Derbyshire,1986,F,Bradford City,461,158,2,
Stephen Dobbie,1982,F,AFC Fylde,425,158,0,
Vincenzo Montella,1974,F,Roma,355,158,1,
Vincenzo Montella,1974,F,Roma,355,158,1,
Omar Sivori,1935,F,Napoli,290,157,9,
Fenna Kalma,1999,F,Twente (K),150,157,1,
Kosovare Asllani,1989,F,AC Milan (K),415,157,1,
Paulo Dybala,1993,F,Roma,463,157,2,
Ramon Abila,1989,F,Colon,392,157,4,
Billy McKay,1988,F,Inverness CT,462,157,1,
Rüdiger Wenzel,1953,F,St. Pauli,459,157,3,
Jerry Bengtson,1987,F,CD Olimpia,395,157,4,
Kei Kamara,1984,F,Chicago Fire,440,157,3,
Marko Arnautovic,1989,F,Bologna,552,157,5,
Steven Fletcher,1987,F,Dundee United,588,157,1,
Jefferson Farfan,1984,O,Alianza Lima,528,157,1,
Giampaolo Pazzini,1984,F,Hellas Verona,518,157,4,
Thomas Allofs,1959,F,Fortuna Düsseldorf,406,157,1,
Andreas Möller,1967,O,Eintracht Frankfurt,585,156,5,
Christian Beck,1988,F,BFC Dynamo,344,156,1,
Mustafa Denizli,1949,F,Galatasaray,491,156,9,
Grafite,1979,F,Santa Cruz,336,156,5,
Orhan Kaynak,1970,F,Sarıyer,503,155,6,
Gabriel Jesus,1997,F,Arsenal,422,155,3,
Declan McManus,1994,F,The New Saints,363,155,2,
Carlo Reguzzoni,1908,F,Pro Patria,399,155,3,
Jorge Molina,1982,F,Granada,473,155,3,
Vinicio,1932,F,Inter,349,155,3,
Kevin Volland,1992,F,Monaco,497,155,1,
Vitali Gussev,1983,F,FC Maardu,224,155,3,
Patrick Mortensen,1989,F,AGF Aarhus,384,155,0,
Teofilo Gutierrez,1985,F,Deportivo Cali,506,155,19,
Hugo Rodallega,1985,F,Santa Fe,520,155,5,
Marek Hamsik,1987,O,Trabzonspor,753,155,3,
Lyuboslav Penev,1966,F,Lokomotiv Plovdiv,379,155,5,
Javier Saviola,1981,F,River Plate,485,155,2,
Allan Simonsen,1952,F,Vejle,363,154,0,
Adam le Fondre,1986,F,Hibernian,406,154,0,
Kerstin Garefrekes,1979,O,FFC Frankfurt (K),215,154,0,
Patrick Hoban,1991,O,Dundalk,358,154,1,
Üstün Bilgi,1988,F,Serik Belediyespor,423,154,3,
Ian Henderson,1985,O,Rochdale,448,154,6,
Roberto Bettega,1950,F,Juventus,414,154,1,
Patrick Hoban,1991,O,Dundalk,358,154,1,
Üstün Bilgi,1988,F,Serik Belediyespor,423,154,3,
Ian Henderson,1985,O,Rochdale,448,154,6,
Roberto Bettega,1950,F,Juventus,414,154,1,
Fredi Bobic,1971,F,Rijeka,408,153,5,
Celia Sasic,1988,F,FFC Frankfurt (K),157,153,0,
Christen Press,1988,F,Angel City (K),274,153,0,
Karl-Heinz Modrath,1951,F,Alemannia Aachen,277,153,3,
Andrea Belotti,1993,F,Roma,423,153,0,
Stefano Nyers,1924,F,Sabadell,236,153,1,
Nemanja Bilbija,1990,F,Zrinjski Mostar,284,153,1,
Youssef Msakni,1990,O,Al Arabi,292,153,1,
Pirri,1945,D,Puebla,508,153,1,
Rodrigo,1991,F,Leeds United,496,153,6,
Franck Ribery,1983,O,Salernitana,657,153,9,
Mirko Vucinic,1983,F,Al Jazira Abu Dhabi,428,153,4,
Diego,1985,O,Flamengo,750,153,5,
Darko Kovacevic,1973,F,Olympiakos,397,153,6,
Oliver Bierhoff,1968,F,Chievo,368,153,3,
Fabrizio Miccoli,1979,F,Birkirkara,373,152,2,
Tammy Abraham,1997,F,Roma,374,152,0,
Bernardo Cuesta,1988,F,Melgar,332,152,2,
Ronivaldo,1989,F,Blau-Weiss Linz,228,152,1,
James Collins,1990,F,Derby County,477,152,4,
Duvan Zapata,1991,F,Atalanta,423,152,1,
Troy Deeney,1988,F,Birmingham,472,152,3,
John Akinde,1989,F,Colchester,453,152,1,
Georginio Wijnaldum,1990,O,Roma,713,152,0,
Nikola Kalinic,1988,F,Hajduk Split,477,152,6,
Laszlo Kubala,1927,O,Zürich,234,152,1,
Dimitrios Salpingidis,1981,F,Panionios,416,152,1,
Hristo Stoichkov,1966,O,DC United,324,151,6,
Liam Buchanan,1985,F,Berwick Rangers,392,151,1,
Marcos Tavares,1984,F,Maribor,396,151,1,
Charlie Austin,1989,F,Swindon Town,397,151,1,
Ohi Anthony Omoijuanfo,1994,O,Brondby,382,151,1,
Wilfried Bony,1988,F,Always Ready,323,151,2,
Fedor Smolov,1990,F,Dinamo Moscow,465,151,0,
Batuhan Karadeniz,1991,F,Van Spor FK,367,151,2,
Adem Büyük,1987,F,Manisa FK,492,151,8,
Ohi Anthony Omoijuanfo,1994,O,Brondby,382,151,1,
Wilfried Bony,1988,F,Always Ready,323,151,2,
Fedor Smolov,1990,F,Dinamo Moscow,465,151,0,
Batuhan Karadeniz,1991,F,Van Spor FK,367,151,2,
Adem Büyük,1987,F,Manisa FK,492,151,8,
Sergen Yalçın,1972,O,Eskişehirspor,528,150,4,
Simon Engelmann,1989,F,Rödinghausen,295,150,2,
Harold Preciado,1994,F,Santos Laguna,290,150,1,
Sebastian Saez,1985,F,CD Everton,283,150,0,
Jason Cummings,1995,F,Central Coast Mariners,364,150,2,
Mislav Orsic,1992,F,Trabzonspor,486,150,1,
Kamil Wilczek,1988,F,Piast Gliwice,366,150,1,
Camilo,1988,F,Queretaro,367,150,3,
Hasan Özçelik,1981,F,Kilis Belediyespor,311,150,6,
Christoph Westerthaler,1965,F,Wacker Innsbruck,460,150,2,
Alfred Finnbogason,1989,F,Lyngby,369,150,2,
Paolo Pulici,1950,F,Fiorentina,433,150,0,
Darren Bent,1984,F,Derby County,431,150,0,
Ryan Giggs,1973,O,Manchester United,848,150,0,
Arif Erdem,1972,F,Galatasaray,556,150,1,
Arif Erdem,1972,F,Galatasaray,556,150,1,
Raphael Nuzzolo,1983,O,Neuchatel Xamax,526,149,4,
Tessa Wullaert,1993,O,Fortuna Sittard (K),302,149,1,
Adriano Bassetto,1925,F,Atalanta,329,149,0,
El Arbi Soudani,1987,F,Maribor,376,149,2,
Daniel Böde,1986,O,Paksi SE,379,149,2,
Mümin Aysever,1987,F,Bağcılar Spor Kulübü,395,149,0,
Serdal Öz,1988,F,Çorluspor 1947,296,149,1,
Fikri Elma,1934,F,Ankara Demirspor,330,149,4,
Zafer Tüzün,1962,F,Diyarbakırspor,362,149,5,
Rodrigo Lima,1983,F,Al Ahli FC Dubai,314,149,0,
Francesco Graziani,1952,F,Udinese,416,149,3,
Tayfun Özkan,1981,O,Bucaspor 1928,317,148,2,
Gianni Rivera,1943,O,Milan,621,148,0,
Aleksandr Kerzhakov,1982,F,Zenit St. Petersburg,387,148,1,
Joao Pinto,1971,O,Sporting Braga,579,148,15,
Yakubu Aiyegbeni,1982,F,Coventry,391,148,2,
Raul Tamudo,1977,F,Sabadell,465,148,4,
Savo Milosevic,1973,F,Rubin Kazan,435,148,2,
Ersin Aksaç,1982,F,Kestel Belediyespor,374,148,1,
Vidar Kjartansson,1990,F,CSKA 1948 Sofia,358,148,1,
Lucas Pratto,1988,F,Velez Sarsfield,535,148,2,
Dimitri Payet,1987,O,Marsilya,694,148,5,
Raul Garcia,1986,O,Athletic Bilbao,774,148,6,
Santi Cazorla,1984,O,Al Sadd,730,148,1,
Bradley Wright-Phillips,1985,F,Columbus Crew,359,148,0,
Gianni Rivera,1943,O,Milan,621,148,0,
Aleksandr Kerzhakov,1982,F,Zenit St. Petersburg,387,148,1,
Joao Pinto,1971,O,Sporting Braga,579,148,15,
Yakubu Aiyegbeni,1982,F,Coventry,391,148,2,
Raul Tamudo,1977,F,Sabadell,465,148,4,
Savo Milosevic,1973,F,Rubin Kazan,435,148,2,
Ersin Aksaç,1982,F,Kestel Belediyespor,374,148,1,
Amancio,1939,F,Real Madrid,427,147,3,
Gökmen Özdenak,1947,F,Galatasaray,433,147,8,
Cristian Borja,1988,F,Universidad Catolica,415,147,4,
Mickael Pote,1984,F,Bandırmaspor,406,147,2,
Marc Janko,1983,F,Lugano,337,147,4,
Ercan Güneri,1981,F,Hacettepe 1945,450,147,2,
David Silva,1986,O,Real Sociedad,829,147,3,
Serdar Dursun,1991,F,Fenerbahçe,375,147,2,
Shin-Wook Kim,1988,F,Kitchee,325,147,0,
Georg Volkert,1945,F,Nürnberg,459,147,1,
Gökmen Özdenak,1947,F,Galatasaray,433,147,8,
Cristian Borja,1988,F,Universidad Catolica,415,147,4,
Mickael Pote,1984,F,Bandırmaspor,406,147,2,
Marc Janko,1983,F,Lugano,337,147,4,
Ercan Güneri,1981,F,Hacettepe 1945,450,147,2,
David Silva,1986,O,Real Sociedad,829,147,3,
Cemre Atmaca,1985,F,Çankaya FK,418,146,5,
Lewis Grabban,1988,F,Nottingham Forest,347,146,1,
Dario Benedetto,1990,F,Boca Juniors,410,146,7,
Matias Alustiza,1984,F,Ramon Santamarina,396,146,6,
David McDaid,1990,F,Coleraine FC,358,146,3,
Rosimar Bill,1984,F,Lamphun Warrior,383,146,4,
Sebastian Giovinco,1987,F,Sampdoria,475,146,2,
Loic Remy,1987,F,Adana Demirspor,440,146,4,
Andy Cole,1971,F,Nottingham Forest,331,146,3,
Dennis Bergkamp,1969,F,Arsenal,499,146,3,
Yunus Altun,1977,F,Altay,345,146,0,
Loic Remy,1987,F,Adana Demirspor,440,146,4,
Andy Cole,1971,F,Nottingham Forest,331,146,3,
Dennis Bergkamp,1969,F,Arsenal,499,146,3,
Yunus Altun,1977,F,Altay,345,146,0,
Goran Pandev,1983,F,Parma,688,145,8,
Marcus Rashford,1997,F,Manchester United,415,145,1,
Borja Iglesias,1993,F,Real Betis,337,145,3,
Richard Blanco,1982,F,Mineros De Guayana,321,145,7,
Marcin Robak,1982,F,Widzew Lodz,323,145,2,
Erwin Kostedde,1946,F,Osnabrück,304,145,1,
Roberto Pruzzo,1955,F,Fiorentina,361,145,4,
Michael Zorc,1962,O,Borussia Dortmund,526,145,3,
Sunil Chhetri,1984,F,Bengaluru,309,145,0,
Santiago Silva,1980,F,Atletico Aldosivi,484,145,9,
Adrian Ramos,1986,F,America de Cali,507,145,4,
Cheick Diabate,1988,F,Persepolis,302,145,3,
Haris Seferovic,1992,F,Galatasaray,524,145,3,
Mamadou Niang,1979,F,Arles,353,144,0,
Marco Streller,1981,F,Basel,360,144,0,
Phillip Cocu,1970,O,Al Jazira Abu Dhabi,790,144,8,
Lee Gregory,1988,F,Sheffield Wednesday,424,144,2,
Hans Vanaken,1992,O,Club Brugge,509,144,3,
Anderson Talisca,1994,O,Al Nassr,322,144,4,
Dorlan Pabon,1988,F,Atletico Nacional,492,144,4,
Samir Hadji,1989,F,F91 Diddeleng,229,144,0,
Luis Muriel,1991,F,Atalanta,474,144,4,
Paulinho,1988,O,Corinthians,499,144,2,
Jackson Martinez,1986,F,Portimonense,313,144,1,
Ivan Zamorano,1967,F,Club America,351,144,4,
Roman Pavlyuchenko,1981,F,Znamya Noginsk,358,144,3,
Marco Streller,1981,F,Basel,360,144,0,
Phillip Cocu,1970,O,Al Jazira Abu Dhabi,790,144,8,
Paul Scholes,1974,O,Manchester United,687,143,6,
Welliton,1986,F,Novorizontino,335,143,1,
Anthony Stokes,1988,F,Adana Demirspor,360,143,2,
Can Erdem,1987,F,Şanlıurfaspor,395,143,1,
Ross McCormack,1986,F,Aldershot Town,415,143,1,
Benito Lorenzi,1925,F,Alessandria,333,143,6,
Satrustegui,1954,F,Real Sociedad,322,143,0,
Leon Benko,1983,F,NK Varazdin,338,143,1,
Jordan Rhodes,1990,F,Huddersfield Town,431,143,0,
Tiago Bezerra,1987,O,Neftçi Baku PFK,358,143,5,
Welliton,1986,F,Novorizontino,335,143,1,
Anthony Stokes,1988,F,Adana Demirspor,360,143,2,
Can Erdem,1987,F,Şanlıurfaspor,395,143,1,
Ross McCormack,1986,F,Aldershot Town,415,143,1,
Benito Lorenzi,1925,F,Alessandria,333,143,6,
Satrustegui,1954,F,Real Sociedad,322,143,0,
Leon Benko,1983,F,NK Varazdin,338,143,1,
Coşkun Yılmaz,1983,F,Hacettepe 1945,386,142,6,
Ertan Adatepe,1938,F,Türk Telekom,324,142,1,
Luis Rodriguez,1985,F,Central Cordoba Santiago,378,142,3,
Nikica Jelavic,1985,F,Lokomotiva Zagreb,339,142,2,
Massimo Coda,1988,F,Genoa,341,142,2,
Rouwen Hennings,1987,F,Sandhausen,440,142,0,
Tim Cahill,1979,F,Jamshedpur,503,142,5,
Stephane Chapuisat,1969,F,Lausanne Sports,329,142,0,
Sandro Mazzola,1942,O,Hellas Verona,502,142,0,
Karlheinz Riedle,1965,F,Fulham,417,142,0,
Michael Ballack,1976,O,Bayer Leverkusen,568,142,7,
Massimo Coda,1988,F,Genoa,341,142,2,
Rouwen Hennings,1987,F,Sandhausen,440,142,0,
Tim Cahill,1979,F,Jamshedpur,503,142,5,
Stephane Chapuisat,1969,F,Lausanne Sports,329,142,0,
Sandro Mazzola,1942,O,Hellas Verona,502,142,0,
Karlheinz Riedle,1965,F,Fulham,417,142,0,
Michael Ballack,1976,O,Bayer Leverkusen,568,142,7,
Okan Yılmaz,1978,F,Altınova Belediyespor,320,141,0,
Emanuel Gunther,1954,F,Karlsruher SC,335,141,0,
Igoa,1920,F,Real Sociedad,284,141,0,
Kane Hemmings,1991,F,Tranmere Rovers,399,141,0,
Robert Beric,1991,F,Tianjin Teda,375,141,3,
Zakaria Beglarishvili,1990,O,Gagra,308,141,1,
Steven Berghuis,1991,O,Ajax,468,141,4,
Glynor Plet,1987,F,Telstar,376,141,5,
Augustin Herrera,1985,F,Mixco,313,141,1,
James Rodriguez,1991,O,Olympiakos,531,141,2,
Fernando Gomes,1956,F,Sporting CP,273,141,0,
Pierre Littbarski,1960,O,Köln,496,141,3,
Mateja Kezman,1979,F,BATE Borisov,303,141,7,
James Rodriguez,1991,O,Olympiakos,531,141,2,
Fernando Gomes,1956,F,Sporting CP,273,141,0,
Pierre Littbarski,1960,O,Köln,496,141,3,
Mateja Kezman,1979,F,BATE Borisov,303,141,7,
Gökdeniz Karadeniz,1980,O,Rubin Kazan,635,140,2,
Fernando Fernandez,1992,F,Cerro Porteno,330,140,0,
Jefferson Duque,1987,F,Atletico Nacional,377,140,2,
Adam Jabiri,1984,F,Schweinfurt,251,140,4,
Luis Tejada,1982,F,Plaza Amador,304,140,8,
Aloisio,1988,F,America Mineiro,358,140,4,
Fernando Uribe,1988,F,Millonarios,351,140,2,
Johnny Russell,1990,F,Sporting Kansas City,524,140,2,
Ignacio Scocco,1985,F,Newells Old Boys,359,140,3,
Pablo Escobar,1978,O,The Strongest,299,140,4,
Abel Hernandez,1990,F,CA Penarol,424,140,1,
Max Kruse,1988,F,Paderborn,456,140,0,
Mevlüt Erdinç,1987,F,Kocaelispor,517,140,1,
Alexander Meier,1983,F,Western Sydney Wanderers,415,140,3,
Nihat Kahveci,1979,F,Beşiktaş,483,140,2,
Blaise Nkufo,1975,F,Seattle Sounders,300,140,2,
Blaise Nkufo,1975,F,Seattle Sounders,300,140,2,
Zülküf Ertem,1980,F,Çerkezköyspor,260,139,1,
Gerd-Volker Schock,1950,F,Osnabrück,299,139,1,
Badenes,1928,F,Sporting Gijon,201,139,0,
Fernandao,1987,F,Tombense,356,139,2,
John Hansen,1924,F,Frem,214,139,3,
Hermann Ohlicher,1949,O,Stuttgart,424,139,1,
Kingsley Onuegbu,1986,F,Dongguan United,355,139,0,
Josip Ilicic,1988,O,Maribor,503,139,5,
Ahmet Özacar,1937,F,Beşiktaş,431,139,0,
Bryan Linssen,1990,F,Urawa Red Diamonds,469,139,2,
Hikmet Şıktaşlılar,1961,F,Selçuk Efes Spor,349,139,1,
Hüseyin Çelik,1988,F,Ünye 1957,367,139,6,
Abuzer Gaffar Toplu,1991,F,Çankaya FK,399,139,0,
Bogdan Stancu,1987,F,Eyüpspor,419,139,2,
Juan Mata,1988,O,Galatasaray,637,139,1,
Ryan Babel,1986,O,Eyüpspor,687,139,5,
Igor Angulo,1984,O,Mumbai City,259,139,0,
Mariano Pavone,1982,F,Quilmes,432,139,2,
Igor de Camargo,1983,F,Mechelen,479,139,2,
Bogdan Stancu,1987,F,Eyüpspor,419,139,2,
Juan Mata,1988,O,Galatasaray,637,139,1,
Ryan Babel,1986,O,Eyüpspor,687,139,5,
Igor Angulo,1984,O,Mumbai City,259,139,0,
Mariano Pavone,1982,F,Quilmes,432,139,2,
Igor de Camargo,1983,F,Mechelen,479,139,2,
Semih Şentürk,1983,F,Eskişehirspor,438,138,5,
Peter Shalulile,1993,D,Mamelodi Sundowns,273,138,0,
Caroline Weir,1995,F,İskoçya (K),336,138,0,
Okyere Wriedt,1994,F,Osnabrück,344,138,2,
Göksu Türkdoğan,1985,F,İnegöl Kafkas GK,507,138,1,
Mike Wunderlich,1986,O,Kaiserslautern,314,138,2,
Fatos Beqiraj,1988,F,Decic Tuzi,502,138,1,
Tunç Murat Behram,1990,F,Bucaspor 1928,422,138,6,
Lucas Barrios,1984,F,Sportivo Luqueno,399,138,1,
Marcelo Moreno,1987,F,Cerro Porteno,420,138,2,
Martin Kamburov,1980,O,PFC Beroe,284,138,2,
Pierre Webo,1982,F,Nacional de Football,503,138,6,
Bülent Çakmak,1979,F,Torbalıspor,320,138,4,
Cenk Kasımoğlu,1982,F,Karasuspor,368,137,7,
Guro Reiten,1994,O,Chelsea (K),350,137,1,
Ivan Sergeev,1995,O,Zenit St. Petersburg,258,137,0,
Juan Martin Lucero,1991,O,Fortaleza,360,137,2,
Serge Gnabry,1995,O,Bayern Münih,355,137,0,
Ilija Spasojevic,1987,F,Bali United,216,137,0,
Carlos Quintero,1987,F,America de Cali,508,137,6,
Gylfi Sigurdsson,1989,O,Everton,532,137,1,
Muhammet Reis,1984,O,Iğdır Futbol Kulübü,561,137,7,
Gheorghe Hagi,1965,O,Galatasaray,433,137,8,
Danko Lazovic,1983,F,MOL Fehervar,434,137,10,
Fatih Koyugölge,1979,O,Kestel Belediyespor,305,137,4,
Coşkun Birdal,1973,F,Pendikspor,385,136,1,
Patrick Anderson,1987,F,Kyoto Sanga,391,136,1,
Andy Delort,1991,F,Nantes,428,136,1,
Alfred Drabits,1959,F,First Vienna,339,136,0,
Ogün Altıparmak,1938,F,Fenerbahçe,420,136,5,
Yaşar Çetin,1985,F,Erbaaspor,459,136,2,
Jay Rodriguez,1989,F,Burnley,457,136,1,
Arturo Vidal,1987,O,Atletico Paranaense,774,136,9,
Adriano,1982,F,Miami United,302,136,0,
Andy Delort,1991,F,Nantes,428,136,1,
Alfred Drabits,1959,F,First Vienna,339,136,0,
Ogün Altıparmak,1938,F,Fenerbahçe,420,136,5,
Yaşar Çetin,1985,F,Erbaaspor,459,136,2,
Jay Rodriguez,1989,F,Burnley,457,136,1,
Arturo Vidal,1987,O,Atletico Paranaense,774,136,9,
Adriano,1982,F,Miami United,302,136,0,
Emile Heskey,1978,F,Bolton Wanderers,691,135,2,
Juan Dinenno,1994,F,Pumas UNAM,348,135,4,
Giorgian De Arrascaeta,1994,O,Flamengo,512,135,1,
Nahki Wells,1990,F,Bristol City,432,135,1,
Jonathan McDonald,1987,F,San Carlos,391,135,10,
Aykut Yiğit,1959,F,Balıkesirspor,420,135,0,
Franco Jara,1988,F,Belgrano Cordoba,465,135,9,
Kadri Aytaç,1931,F,Mersin İdmanyurdu,499,135,0,
Panizo,1922,F,Athletic Bilbao,332,135,0,
Marco van Basten,1964,F,Milan,218,135,3,
Ansola,1940,F,Real Sociedad,333,135,0,
Fernando Hierro,1968,D,Bolton Wanderers,663,135,13,
Kevin Phillips,1973,F,Leicester City,383,135,1,
Panizo,1922,F,Athletic Bilbao,332,135,0,
Marco van Basten,1964,F,Milan,218,135,3,
Ansola,1940,F,Real Sociedad,333,135,0,
Fernando Hierro,1968,D,Bolton Wanderers,663,135,13,
Kevin Phillips,1973,F,Leicester City,383,135,1,
Andrzej Juskowiak,1970,F,Erzgebirge Aue,408,134,3,
Danny van den Meiracker,1989,F,Quick Boys,269,134,4,
Sinan Kurumuş,1994,F,Çorum FK,324,134,1,
Taha Balcı,1988,F,Tarsus İdman Yurdu,410,134,0,
Elton Brandao,1985,F,Juventude,428,134,4,
Marco Perez,1990,F,Aguilas Doradas,450,134,3,
Bergson,1991,O,Johor DT,290,134,2,
Kyle Lafferty,1987,F,Kilmarnock,505,134,4,
Balazs Dzsudzsak,1986,O,Debrecen,580,134,6,
Cesc Fabregas,1987,O,Como,815,134,4,
Pierre van Hooijdonk,1969,F,Feyenoord,282,134,5,
Ismael Urzaiz,1971,F,Ajax,476,134,5,
Luis Enrique,1970,O,Barcelona,520,134,6,
John Carew,1979,F,West Ham United,446,134,2,
Martin Max,1968,F,Hansa Rostock,419,134,0,
Pierre van Hooijdonk,1969,F,Feyenoord,282,134,5,
Ismael Urzaiz,1971,F,Ajax,476,134,5,
Luis Enrique,1970,O,Barcelona,520,134,6,
John Carew,1979,F,West Ham United,446,134,2,
Martin Max,1968,F,Hansa Rostock,419,134,0,
Rade Prica,1980,F,Landskrona,367,133,6,
Ayron Del Valle,1989,F,Selangor FA,378,133,1,
Aykut Çift,1993,F,Çankaya FK,357,133,2,
İlker Avşar,1990,F,68 Aksaray Belediyespor,378,133,7,
Philippe Coutinho,1992,O,Aston Villa,541,133,2,
Caio Correa,1990,F,Al Ain,403,133,3,
Roope Riski,1991,F,HJK Helsinki,335,133,3,
Kalle Multanen,1989,F,VPS,270,133,0,
Marco Schneuwly,1985,F,Aarau,394,133,1,
Martin Harnik,1987,F,Werder Bremen,435,133,4,
Rydell Poepon,1987,F,Ijsselmeervogels,474,133,3,
Theo Walcott,1989,F,Southampton,573,133,0,
Daniel Güiza,1980,F,Atletico Sanluqueno,431,133,3,
Tobias Hysen,1982,F,Tvaaker,334,133,0,
Davor Vugrinec,1975,F,Slaven Belupo,365,133,1,
Martin Harnik,1987,F,Werder Bremen,435,133,4,
Rydell Poepon,1987,F,Ijsselmeervogels,474,133,3,
Theo Walcott,1989,F,Southampton,573,133,0,
Daniel Güiza,1980,F,Atletico Sanluqueno,431,133,3,
Tobias Hysen,1982,F,Tvaaker,334,133,0,
Davor Vugrinec,1975,F,Slaven Belupo,365,133,1,
Cafercan Aksu,1987,O,Bayrampaşa,466,132,5,
Hirving Lozano,1995,F,Napoli,447,132,9,
Peter Cestonaro,1954,F,Hessen Kassel,300,132,0,
Murillo,1932,F,Real Zaragoza,227,132,3,
Charles,1984,F,Pontevedra,373,132,5,
Martin Cauteruccio,1987,F,Independiente,375,132,2,
Gaetan Charbonnier,1988,F,Saint-Etienne,420,132,4,
Alan Kardec,1989,F,Atletico Mineiro,355,132,2,
Timo Furuholm,1987,F,Inter Turku,340,132,3,
Ricardo Santos,1987,F,Uthai Thani,354,132,4,
Ben Sahar,1989,F,Maccabi Petah Tikva,486,132,1,
Alecsandro,1981,F,Primavera SP,457,132,3,
Scott Sinclair,1989,O,Bristol Rovers,482,132,0,
Abel Balbo,1966,F,Roma,291,132,0,
Ben Sahar,1989,F,Maccabi Petah Tikva,486,132,1,
Alecsandro,1981,F,Primavera SP,457,132,3,
Scott Sinclair,1989,O,Bristol Rovers,482,132,0,
Abel Balbo,1966,F,Roma,291,132,0,
Yoshito Okubo,1982,F,Cerezo Osaka,403,131,5,
Natasha Dowie,1988,F,Liverpool (K),267,131,0,
Nikita Parris,1994,F,Manchester United (K),327,131,2,
Budu Zivzivadze,1994,F,Karlsruher SC,296,131,0,
Jonathan Rodriguez,1993,F,Club America,359,131,4,
Juan Callejon,1987,O,San Fernando,352,131,4,
Pietro Iemmello,1992,F,Catanzaro,294,131,1,
Hakim Ziyech,1993,O,Chelsea,436,131,1,
Paco Alcacer,1993,F,Al Sharjah,374,131,1,
Flavio Paixao,1984,F,Lechia Gdansk,404,131,2,
Eren Derdiyok,1988,F,FC Schaffhausen,457,131,1,
Stanislav Sestak,1982,F,Poprad,411,131,2,
Christian Keglevits,1961,F,Wiener SK,399,131,4,
Ezio Pascutti,1937,F,Bologna,303,131,5,
Ismael Blanco,1983,F,Ciudad de Bolívar,381,130,0,
Rodrigo Palacio,1982,F,Brescia,476,130,1,
Andre Gray,1991,F,Aris Saloniki,382,130,0,
Toma Tabatadze,1991,F,Neftchi Fargona,241,130,6,
Gyasi Zardes,1991,F,Austin,388,130,0,
Michael Smith,1991,F,Sheffield Wednesday,444,130,1,
Felice Placido Borel,1914,F,Napoli,257,130,2,
Mikael Ishak,1993,F,Lech Poznan,359,130,2,
Eduardo Vargas,1989,F,Atletico Mineiro,523,130,5,
Milan Skoda,1986,F,Mlada Boleslav,376,130,1,
Nermin Haskic,1989,F,Velez Mostar,323,130,0,
Dragan Boskovic,1985,F,Chonburi,206,130,0,
Mohamed Elyounoussi,1994,O,FC Copenhagen,441,130,2,
Oğuzhan Türkmen,1987,F,Taçspor,302,130,4,
Berk İsmail Ünsal,1994,F,Esenler Erokspor,332,130,2,
Artun Akçakın,1993,F,Tarsus İdman Yurdu,394,130,1,
Roger Rodrigues,1985,F,Inter de Limeira,356,130,3,
Marcus Pedersen,1990,F,HamKam,321,130,3,
Marvin Pourie,1991,F,Meppen,390,130,3,
Gervinho,1987,F,Aris Saloniki,503,130,4,
Besart Berisha,1985,F,Western United,282,130,5,
Rodrigo Palacio,1982,F,Brescia,476,130,1,
Rodrigo Palacio,1982,F,Brescia,476,130,1,
Helder Postiga,1982,F,Atletico de Kolkata,508,129,6,
Walter Krause,1953,F,Kickers Offenbach,341,129,0,
Marko Livaja,1993,F,Hajduk Split,380,129,6,
Aleksandar Pesic,1992,F,Kızılyıldız,318,129,2,
Walter Knaller,1957,F,Kremser SC,343,129,1,
Güven Güneri,1987,F,Cankurtaran,334,129,4,
Arieta I,1933,F,Athletic Bilbao,250,129,2,
David McMillan,1988,F,Dundalk,388,129,1,
Juan Arce,1985,F,Blooming,479,129,5,
Serdar Deliktaş,1986,F,Esenler Erokspor,463,129,7,
Alexander Söderlund,1987,F,Haugesund,421,129,2,
Rafael Moura,1983,F,Botafogo,427,129,10,
Eduardo,1983,F,Legia Warszawa,376,129,0,
Danny Graham,1985,F,Sunderland,470,129,0,
Diego Maradona,1960,O,Boca Juniors,301,129,5,
Jay Bothroyd,1982,F,Consadole Sapporo,405,129,1,
Jimmy Briand,1985,F,Bordeaux,610,129,0,
Mladen Petric,1981,F,Panathinaikos,348,129,2,
Ivica Olic,1979,F,1860 München,438,129,0,
Alexander Söderlund,1987,F,Haugesund,421,129,2,
Rafael Moura,1983,F,Botafogo,427,129,10,
Eduardo,1983,F,Legia Warszawa,376,129,0,
Danny Graham,1985,F,Sunderland,470,129,0,
Diego Maradona,1960,O,Boca Juniors,301,129,5,
Jay Bothroyd,1982,F,Consadole Sapporo,405,129,1,
Jimmy Briand,1985,F,Bordeaux,610,129,0,
Mladen Petric,1981,F,Panathinaikos,348,129,2,
Ivica Olic,1979,F,1860 München,438,129,0,
Murat Uluç,1981,F,Altay,373,128,4,
Koray Kurt,1983,F,Çubukspor F.A.Ş.,389,128,2,
Giuliano,1990,O,Corinthians,610,128,2,
Ats Purje,1985,F,Tallinna Kalev,444,128,0,
Martyn Waghorn,1990,F,Coventry,487,128,4,
İskender Alın,1984,F,Şile Yıldızspor,387,128,1,
Rui Aguas,1960,F,Estrela Amadora,288,128,0,
Domingos Paciencia,1969,F,Porto,377,128,2,
Lior Refaelov,1986,O,Maccabi Haifa,504,128,2,
Filip Holosko,1984,F,Slovacko,481,128,2,
Recep Serkan Çetintaş,1979,O,Başiskele Doğantepespor,395,128,1,
Nicklas Helenius,1991,F,Aalborg,411,128,0,
Mustapha Yatabare,1986,F,Sivasspor,464,128,5,
Koray Kurt,1983,F,Çubukspor F.A.Ş.,389,128,2,
Giuliano,1990,O,Corinthians,610,128,2,
Ats Purje,1985,F,Tallinna Kalev,444,128,0,
Martyn Waghorn,1990,F,Coventry,487,128,4,
İskender Alın,1984,F,Şile Yıldızspor,387,128,1,
Rui Aguas,1960,F,Estrela Amadora,288,128,0,
Domingos Paciencia,1969,F,Porto,377,128,2,
Lior Refaelov,1986,O,Maccabi Haifa,504,128,2,
Filip Holosko,1984,F,Slovacko,481,128,2,
Recep Serkan Çetintaş,1979,O,Başiskele Doğantepespor,395,128,1,
Okan Öztürk,1977,F,Yeni Malatyaspor,461,127,5,
Michel,1963,O,Celaya,516,127,1,
Arouna Kone,1983,F,Sivasspor,447,127,1,
Teddy Sheringham,1966,F,West Ham United,393,127,1,
Gus Poyet,1967,O,Tottenham,473,127,7,
Dwight Yorke,1971,F,Sunderland,383,127,1,
Jan Koller,1973,F,Cannes,347,127,2,
Emrah Bozkurt,1980,F,Etimesgut Belediyespor,396,127,4,
Campos,1916,F,Sporting Gijon,205,127,0,
Emil Forsberg,1991,O,RB Leipzig,494,127,3,
Brett Pitman,1988,F,Bristol Rovers,412,127,0,
Shane Sutherland,1990,F,Inverness CT,388,127,0,
Chris Martin,1988,F,Bristol City,504,127,2,
Emre Okur,1984,F,Siirt İl Özel İdare,493,127,3,
Samuel Armenteros,1990,F,Heracles,393,127,1,
Pontus Engblom,1991,F,GIF Sundsvall,323,127,0,
Eder,1986,F,Criciuma,463,127,3,
Luis Suarez,1935,O,Sampdoria,519,127,4,
Michel,1963,O,Celaya,516,127,1,
Arouna Kone,1983,F,Sivasspor,447,127,1,
Teddy Sheringham,1966,F,West Ham United,393,127,1,
Gus Poyet,1967,O,Tottenham,473,127,7,
Dwight Yorke,1971,F,Sunderland,383,127,1,
Jan Koller,1973,F,Cannes,347,127,2,
Emrah Bozkurt,1980,F,Etimesgut Belediyespor,396,127,4,
David Rodriguez,1986,F,Rayo Majadahonda,419,126,0,
Paul Breitner,1951,D,Bayern Münih,468,126,0,
Sergio Ramos,1986,D,PSG,910,126,28,
Ricardo Horta,1994,F,Sporting Braga,441,126,1,
Julio Tavares,1988,F,Al Raed,391,126,1,
Herbert Laumen,1943,F,Metz,270,126,0,
Shaun Jeffers,1992,F,St. Albans City,329,126,1,
Deni Alar,1990,F,First Vienna,389,126,1,
Ben Nabouhane,1989,F,Kızılyıldız,374,126,3,
Nicklas Bendtner,1988,F,FC Copenhagen,429,126,1,
Roy O'Donovan,1985,F,Sydney Olympic,293,126,5,
Ruben Sosa,1966,F,UD Logrones,381,126,4,
Humberto Suazo,1981,F,San Luis De Quillota,326,126,1,
Pietro Ferraris,1912,F,Novara,470,126,1,
Paul Breitner,1951,D,Bayern Münih,468,126,0,
Sergio Ramos,1986,D,PSG,910,126,28,
Henok Goitom,1984,F,AIK,451,125,1,
Lars Stindl,1988,O,Karlsruher SC,499,125,2,
Marco Ruben,1986,F,Rosario Central,398,125,4,
Sascha Mölders,1985,F,1860 München,373,125,0,
Alican Tez,1987,F,Nevşehir Belediyespor,366,125,10,
Giuseppe Rossi,1987,F,SPAL,370,125,0,
Bernd Schuster,1959,O,Pumas UNAM,511,125,8,
Marvin Ducksch,1994,F,Werder Bremen,290,125,0,
Edwin Aguilar,1985,F,Costa del Este,246,125,2,
Antun Maglica,1991,F,APOEL Nicosia,369,125,3,
Miller Bolanos,1990,F,Emelec,345,125,6,
Herrerita,1914,F,Sporting Gijon,230,125,1,
Bernd Rupp,1942,F,Mönchengladbach,296,125,0,
Max Gradel,1987,F,Sivasspor,499,125,5,
Nene,1983,F,AVS,416,125,4,
Lars Stindl,1988,O,Karlsruher SC,499,125,2,
Marco Ruben,1986,F,Rosario Central,398,125,4,
Sascha Mölders,1985,F,1860 München,373,125,0,
Alican Tez,1987,F,Nevşehir Belediyespor,366,125,10,
Giuseppe Rossi,1987,F,SPAL,370,125,0,
Bernd Schuster,1959,O,Pumas UNAM,511,125,8,
Yusuf Tokuş,1971,F,Sivasspor,267,124,2,
Edgar Silva,1987,F,Daegu,335,124,4,
Robert Vittek,1982,F,Slovan Bratislava,382,124,3,
Uwe Rahn,1962,F,Eintracht Frankfurt,354,124,1,
Matheus,1983,F,Itabaiana,426,124,2,
Ivan Alonso,1979,F,River Plate,363,124,3,
Brian Graham,1987,F,Partick Thistle,353,124,4,
Mijo Caktas,1992,O,Osijek,342,124,4,
Fabian Klos,1987,F,Arminia Bielefeld,341,124,4,
Les Ferdinand,1966,F,Bolton Wanderers,280,124,2,
Hans Walitza,1945,F,Nürnberg,226,124,0,
Epi,1919,F,Real Sociedad,334,124,0,
Salahattin Almay,1910,F,İstanbulspor,189,124,0,
Nestor Camacho,1987,O,Club Guarani,420,124,5,
Sofiane Hanni,1990,F,Al Ahli,425,124,2,
Zlatko Kranjcar,1956,F,St. Pölten,259,124,1,
Sinan Turhan,1958,F,Silifkespor,425,124,1,
Kemal Yıldırım,1958,F,Gebzespor,596,124,3,
Hasan Vezir,1962,F,Bağcılar Spor Kulübü,396,124,1,
İlyas Çakmak,1988,F,Viven Bornova,380,124,1,
Chris Porter,1983,F,Oldham Athletic,433,124,0,
Edgar Silva,1987,F,Daegu,335,124,4,
Robert Vittek,1982,F,Slovan Bratislava,382,124,3,
Uwe Rahn,1962,F,Eintracht Frankfurt,354,124,1,
Matheus,1983,F,Itabaiana,426,124,2,
Ivan Alonso,1979,F,River Plate,363,124,3,
Ole Gunnar Solskjaer,1973,F,Manchester United,334,123,1,
Batuhan Er,1995,O,52 Orduspor FK,294,123,3,
Thomas von Heesen,1961,O,Arminia Bielefeld,444,123,0,
Senijad Ibricic,1985,O,Domzale,463,123,5,
Orhan Yüksel,1939,F,Adanaspor,438,123,0,
Sercan Görgülü,1960,F,Marmaris Gençlik,447,123,1,
Pizzi,1989,O,Sporting Braga,553,123,3,
Carlos Eduardo,1989,O,Botafogo,381,123,6,
Willian Jose,1991,F,Real Betis,451,123,6,
Tae-Hee Nam,1991,O,Al Duhail SC,389,123,0,
Edinho,1982,F,Torreense,375,123,3,
Aleksandr Kokorin,1991,F,Aris Limassol,399,123,4,
Stevan Jovetic,1989,F,Hertha Berlin,412,123,1,
Jeremain Lens,1987,O,Versailles,538,123,6,
Andreas Ogris,1964,F,Simmeringer SC,414,123,2,
Gino Pivatelli,1933,F,Milan,264,123,2,
Piru Gainza,1922,F,Athletic Bilbao,396,123,1,
Hansi Müller,1957,O,Wacker Innsbruck,438,123,6,
Daniel Sturridge,1989,F,Perth Glory,354,123,1,
Jadson,1983,O,Vitoria,524,123,2,
Edinho,1982,F,Torreense,375,123,3,
Aleksandr Kokorin,1991,F,Aris Limassol,399,123,4,
Stevan Jovetic,1989,F,Hertha Berlin,412,123,1,
Jeremain Lens,1987,O,Versailles,538,123,6,
Andreas Ogris,1964,F,Simmeringer SC,414,123,2,
Gino Pivatelli,1933,F,Milan,264,123,2,
Piru Gainza,1922,F,Athletic Bilbao,396,123,1,
Hansi Müller,1957,O,Wacker Innsbruck,438,123,6,
Daniel Sturridge,1989,F,Perth Glory,354,123,1,
Jadson,1983,O,Vitoria,524,123,2,
Hasan Özer,1974,F,Altay,426,122,1,
Adem Güven,1985,O,Kongsvinger,321,122,1,
Thiago Neves,1985,O,Sport Recife,438,122,1,
Ezequiel Lavezzi,1985,F,Hebei China Fortune,463,122,3,
Tamas Priskin,1986,F,Györi ETO,401,122,4,
Michael Thurk,1976,O,Heidenheim,367,122,5,
Joao Tomas,1975,F,Rio Ave,312,122,1,
Robert Feczesin,1986,F,Budapest Vasas,341,122,0,
Burhan Eşer,1985,O,Isparta 32 Spor,583,122,1,
Kleber Giacomace,1983,F,Austin Bold,321,122,10,
Kemal Gülçelik,1923,F,Beşiktaş,129,122,1,
Anthony Nwakaeme,1989,F,Al Feiha,387,122,2,
Necmi Perekli,1948,F,Trabzonspor,287,122,1,
Claudio Bieler,1984,F,Atletico Rafaela,341,122,2,
Nicolai Jörgensen,1991,F,FC Copenhagen,374,122,3,
İbrahim Ülüm,1983,F,Şanlıurfa BB,304,122,5,
Morten Rasmussen,1985,F,Enosis Neon Paralimni,304,122,3,
Melvin Platje,1988,F,AFC Amsterdamsche,398,122,3,
Adem Güven,1985,O,Kongsvinger,321,122,1,
Thiago Neves,1985,O,Sport Recife,438,122,1,
Ezequiel Lavezzi,1985,F,Hebei China Fortune,463,122,3,
Tamas Priskin,1986,F,Györi ETO,401,122,4,
Michael Thurk,1976,O,Heidenheim,367,122,5,
Joao Tomas,1975,F,Rio Ave,312,122,1,
Robert Feczesin,1986,F,Budapest Vasas,341,122,0,
Burhan Eşer,1985,O,Isparta 32 Spor,583,122,1,
Kleber Giacomace,1983,F,Austin Bold,321,122,10,
Craig Bellamy,1979,F,Cardiff City U18,467,121,3,
Luis Garcia,1981,F,AS Eupen,591,121,3,
German Denis,1981,F,La Fiorita,418,121,3,
Philipp Hofmann,1993,F,Bochum,351,121,1,
Daniel Jurgeleit,1963,F,Holstein Kiel,420,121,1,
Tomas Wagner,1990,F,Pribram,357,121,0,
Wendie Renard,1990,D,Lyon (K),389,121,0,
Curtis Allen,1988,F,Carrick Rangers,270,121,3,
Willian,1986,F,Atletico Paranaense,569,121,2,
Ercan Kuruçay,1988,O,Karabük İdmanyurdu Spor,275,121,2,
Fethi Heper,1944,F,Eskişehirspor,299,121,1,
Kjartan Henry Finnbogason,1986,F,FH Hafnarfjordur,314,121,3,
Nikita Rukavytsya,1987,O,Maccabi Haifa,419,121,1,
Tjaronn Chery,1988,O,Maccabi Haifa,509,121,2,
Maksim Skavysh,1989,F,Shakhtyor Soligorsk,392,121,0,
Berat Sadik,1986,F,Doxa,374,121,1,
Yacine Brahimi,1990,O,Al Gharafa,495,121,4,
Felipe Caicedo,1988,F,Abha,481,121,1,
Shane Long,1987,F,Reading,618,121,2,
Marat Bikmoev,1986,F,Dinamo Samarqand,331,121,2,
Marco Bode,1969,F,Werder Bremen,452,121,0,
Luis Garcia,1981,F,AS Eupen,591,121,3,
German Denis,1981,F,La Fiorita,418,121,3,
Tjaronn Chery,1988,O,Maccabi Haifa,509,121,2,
Maksim Skavysh,1989,F,Shakhtyor Soligorsk,392,121,0,
Berat Sadik,1986,F,Doxa,374,121,1,
Yacine Brahimi,1990,O,Al Gharafa,495,121,4,
Felipe Caicedo,1988,F,Abha,481,121,1,
Shane Long,1987,F,Reading,618,121,2,
Marat Bikmoev,1986,F,Dinamo Samarqand,331,121,2,
Marco Bode,1969,F,Werder Bremen,452,121,0,
Luis Garcia,1981,F,AS Eupen,591,121,3,
German Denis,1981,F,La Fiorita,418,121,3,
Ivan Klasnic,1980,F,Mainz 05,414,120,3,
Raffael,1985,F,Pohronie,399,120,2,
Maxim Choupo-Moting,1989,F,Bayern Münih,464,120,0,
Steven Lennon,1988,O,FH Hafnarfjordur,254,120,2,
Mehmet Akyüz,1986,F,Sakaryaspor,430,120,1,
Kadir Söylemez,1981,F,Kıralan Demirspor,344,120,2,
Pedro Uralde,1958,F,Deportivo La Coruna,358,120,0,
Jürgen Grabowski,1944,F,Eintracht Frankfurt,489,120,0,
Heimo Pfeiffenberger,1966,F,Salzburg,401,120,6,
Walter Pandiani,1976,F,Lausanne Sports,425,120,5,
Nazmi Bilge,1934,F,Altay,240,120,1,
Manuel Schaffler,1989,F,Dynamo Dresden,432,120,2,
Anselmo Ramon,1988,F,CRB,355,120,12,
Erdal Keser,1961,F,Galatasaray,395,120,6,
Fotios Papoulis,1985,F,Omonia Nicosia,405,120,1,
Mario Götze,1992,O,Eintracht Frankfurt,520,120,1,
Raul Rusescu,1988,F,Concordia Chiajna,383,120,2,
Federico Dionisi,1987,F,Ascoli,399,120,4,
Oscar,1991,O,Shanghai Port,508,120,1,
Alexander Gerndt,1986,F,Thun,405,120,3,
Abiola Dauda,1988,F,Mohammedan,375,120,1,
Raffael,1985,F,Pohronie,399,120,2,
Maxim Choupo-Moting,1989,F,Bayern Münih,464,120,0,
Steven Lennon,1988,O,FH Hafnarfjordur,254,120,2,
Mehmet Akyüz,1986,F,Sakaryaspor,430,120,1,
Kadir Söylemez,1981,F,Kıralan Demirspor,344,120,2,
Pedro Uralde,1958,F,Deportivo La Coruna,358,120,0,
Jürgen Grabowski,1944,F,Eintracht Frankfurt,489,120,0,
Heimo Pfeiffenberger,1966,F,Salzburg,401,120,6,
Walter Pandiani,1976,F,Lausanne Sports,425,120,5,
Steven Lennon,1988,O,FH Hafnarfjordur,254,120,2,
Mehmet Akyüz,1986,F,Sakaryaspor,430,120,1,
Kadir Söylemez,1981,F,Kıralan Demirspor,344,120,2,
Pedro Uralde,1958,F,Deportivo La Coruna,358,120,0,
Jürgen Grabowski,1944,F,Eintracht Frankfurt,489,120,0,
Heimo Pfeiffenberger,1966,F,Salzburg,401,120,6,
Walter Pandiani,1976,F,Lausanne Sports,425,120,5,
Souleymane Youla,1981,F,Indy Eleven,376,119,4,
Mikhail Gordeychuk,1989,F,Dinamo Brest,360,119,0,
Liviu Antal,1989,O,Zalgiris Vilnius,399,119,2,
Abdullah Avcı,1963,F,Küçükçekmecespor,301,119,2,
Teddy Chevalier,1987,F,Boussu Dour Borinage,426,119,1,
Thomas Lehne Olsen,1991,F,Lilleström,265,119,0,
Marouane Fellaini,1987,O,Shandong Taishan,559,119,6,
Bruno Mezenga,1988,F,Santos,401,119,1,
Emrah Bedir,1988,F,Anamur Belediyespor,395,119,4,
Maranon,1948,F,Sabadell,323,119,0,
Julio Baptista,1981,F,CFR Cluj,385,119,2,
Eidur Gudjohnsen,1978,F,Molde,553,119,2,
Ailton,1973,F,Uerdingen,260,119,3,
Sanel Ibrahimovic,1987,F,Wiltz,213,119,0,
Hector Puricelli,1916,F,Milan,211,119,4,
Uros Djurdjevic,1994,F,Sporting Gijon,343,119,3,
Laszlo Lencse,1988,F,Szombathelyi Haladas,315,119,1,
Rauno Alliku,1990,F,FC Flora Tallinn,353,119,0,
Viktor Claesson,1992,O,FC Copenhagen,454,119,0,
Yohei Toyoda,1985,F,Zweigen Kanazawa,366,119,0,
Christoffer Nyman,1992,F,Norrköping,364,119,0,
Mikhail Gordeychuk,1989,F,Dinamo Brest,360,119,0,
Liviu Antal,1989,O,Zalgiris Vilnius,399,119,2,
Abdullah Avcı,1963,F,Küçükçekmecespor,301,119,2,
Teddy Chevalier,1987,F,Boussu Dour Borinage,426,119,1,
Thomas Lehne Olsen,1991,F,Lilleström,265,119,0,
Marouane Fellaini,1987,O,Shandong Taishan,559,119,6,
Bruno Mezenga,1988,F,Santos,401,119,1,
Emrah Bedir,1988,F,Anamur Belediyespor,395,119,4,
Maranon,1948,F,Sabadell,323,119,0,
Julio Baptista,1981,F,CFR Cluj,385,119,2,
Eidur Gudjohnsen,1978,F,Molde,553,119,2,
Ailton,1973,F,Uerdingen,260,119,3,
Mehmet Yıldız,1981,F,MKE Ankaragücü,391,118,3,
Andreas Albers,1990,F,St. Pauli,332,118,1,
Paul Mccallum,1993,F,Eastleigh,294,118,3,
Davy Klaassen,1993,O,Ajax,464,118,0,
Omar Er Rafik,1986,F,Jeunesse Esch,157,118,1,
Pietro Virdis,1957,F,Lecce,392,118,3,
Kayhan Kaynak,1960,F,Adana Demirspor,362,118,3,
Nikola Djurdjic,1986,F,Degerfors,341,118,3,
Everton Da Silva,1983,F,Pedras Rubras,379,118,3,
Duje Cop,1990,F,Sibenik,404,118,2,
Bryan Ruiz,1985,O,Alajuelense,596,118,1,
Adam Nemec,1985,F,Voluntari,481,118,2,
Marko Devic,1983,F,Vozdovac,291,118,4,
Jakub Reznicek,1988,F,Zbrojovka Brno,352,118,1,
Mesut Özil,1988,O,Başakşehir FK,681,118,3,
Ivan Rakitic,1988,O,Sevilla,835,118,4,
Olaf Marschall,1966,F,Kaiserslautern,340,118,0,
Nikola Zigic,1980,F,Birmingham,321,118,5,
Ricardo Quaresma,1983,O,Vitoria Guimaraes,729,118,14,
Cacau,1981,F,Stuttgart II,411,118,1,
Mesut Özil,1988,O,Başakşehir FK,681,118,3,
Ivan Rakitic,1988,O,Sevilla,835,118,4,
Olaf Marschall,1966,F,Kaiserslautern,340,118,0,
Nikola Zigic,1980,F,Birmingham,321,118,5,
Ricardo Quaresma,1983,O,Vitoria Guimaraes,729,118,14,
Cacau,1981,F,Stuttgart II,411,118,1,
Mehmet Şen,1982,F,Bozdoğan Belediyespor,422,117,2,
Siem de Jong,1989,O,De Graafschap,437,117,1,
Jose Callejon,1987,F,Granada,631,117,2,
Dario Cvitanich,1984,F,Banfield,363,117,3,
Ari,1985,F,Atletico Cearense,394,117,4,
Benjamin Auer,1981,F,Pirmasens,377,117,1,
Pietro Anastasi,1948,F,Lugano,382,117,1,
Sebastian Abreu,1976,F,Sud America,317,117,1,
Johan Elmander,1981,F,Örgryte,479,117,4,
Cristiano Lucarelli,1975,F,Napoli,335,117,7,
Mehmet Scholl,1970,O,Bayern Münih,488,117,2,
Georgios Samaras,1985,F,Samsunspor,502,117,1,
David Beckham,1975,O,PSG,661,117,5,
Harry Kewell,1978,F,Melbourne City,470,117,3,
Josip Drmic,1992,F,Dinamo Zagreb,384,117,2,
Gustavo Bou,1990,F,New England Revolution,313,117,0,
Eduardo Salvio,1990,O,Pumas UNAM,496,117,0,
Joe Garner,1988,F,Carlisle United,422,117,4,
Jonathan Cristaldo,1989,F,Oriente Petrolero,407,117,11,
Sam Vokes,1989,F,Wycombe Wanderers,552,117,0,
Matthias Vilhjalmsson,1987,F,Vikingur R.,356,117,0,
Siem de Jong,1989,O,De Graafschap,437,117,1,
Jose Callejon,1987,F,Granada,631,117,2,
Dario Cvitanich,1984,F,Banfield,363,117,3,
Ari,1985,F,Atletico Cearense,394,117,4,
Benjamin Auer,1981,F,Pirmasens,377,117,1,
Pietro Anastasi,1948,F,Lugano,382,117,1,
Sebastian Abreu,1976,F,Sud America,317,117,1,
Johan Elmander,1981,F,Örgryte,479,117,4,
Cristiano Lucarelli,1975,F,Napoli,335,117,7,
Mehmet Scholl,1970,O,Bayern Münih,488,117,2,
Georgios Samaras,1985,F,Samsunspor,502,117,1,
David Beckham,1975,O,PSG,661,117,5,
Harry Kewell,1978,F,Melbourne City,470,117,3,
Cristiano Lucarelli,1975,F,Napoli,335,117,7,
Mehmet Scholl,1970,O,Bayern Münih,488,117,2,
Georgios Samaras,1985,F,Samsunspor,502,117,1,
David Beckham,1975,O,PSG,661,117,5,
Harry Kewell,1978,F,Melbourne City,470,117,3,
Krassimir Balakov,1966,O,Stuttgart,478,116,3,
Richmond Boakye,1993,F,Selangor FA,366,116,2,
Diego Valeri,1986,O,Lanus,440,116,3,
Rene Gartler,1985,F,St. Pölten,318,116,3,
Lukas Jutkiewicz,1989,F,Birmingham,530,116,0,
Timur Kosovalı,1990,F,Belediye Kütahyaspor,334,116,4,
Kemal Akbaba,1988,F,Ayvalıkgücü Belediyespor,309,116,2,
Christian Bolanos,1984,O,Deportivo Saprissa,533,116,4,
James Vaughan,1988,F,Tranmere Rovers,393,116,5,
Pierino Prati,1946,F,Fiorentina,267,116,0,
Michel Platini,1955,O,Nancy,233,116,0,
Jonathan Stead,1983,F,Harrogate Town,525,116,3,
Emanuel Villa,1982,F,Queretaro,288,116,2,
Christian Mayrleb,1972,F,SK Austria Karnten,323,116,4,
Bartholomew Ogbeche,1984,F,Hyderabad FC,348,116,2,
Florian Thauvin,1993,O,Udinese,430,116,5,
Tolga Kara,1990,F,Hendek Spor,260,116,1,
Jose Garate,1944,F,Atletico Madrid,272,116,1,
Lucas Moura,1992,O,Sao Paulo,558,116,2,
Nacer Chadli,1989,O,Westerlo,507,116,0,
Cevdet Çapar,1964,F,Manisaspor,309,116,3,
Richmond Boakye,1993,F,Selangor FA,366,116,2,
Diego Valeri,1986,O,Lanus,440,116,3,
Rene Gartler,1985,F,St. Pölten,318,116,3,
Lukas Jutkiewicz,1989,F,Birmingham,530,116,0,
Timur Kosovalı,1990,F,Belediye Kütahyaspor,334,116,4,
Kemal Akbaba,1988,F,Ayvalıkgücü Belediyespor,309,116,2,
Christian Bolanos,1984,O,Deportivo Saprissa,533,116,4,
James Vaughan,1988,F,Tranmere Rovers,393,116,5,
Pierino Prati,1946,F,Fiorentina,267,116,0,
Michel Platini,1955,O,Nancy,233,116,0,
Jonathan Stead,1983,F,Harrogate Town,525,116,3,
Emanuel Villa,1982,F,Queretaro,288,116,2,
Christian Mayrleb,1972,F,SK Austria Karnten,323,116,4,
Bartholomew Ogbeche,1984,F,Hyderabad FC,348,116,2,
Emanuel Villa,1982,F,Queretaro,288,116,2,
Christian Mayrleb,1972,F,SK Austria Karnten,323,116,4,
Bartholomew Ogbeche,1984,F,Hyderabad FC,348,116,2,
Sergej Barbarez,1971,F,Bayer Leverkusen,407,115,8,
Jordan White,1992,O,Ross County,412,115,0,
Jose Angel Ziganda,1966,F,Osasuna,391,115,1,
Marcus Antonsson,1991,F,IFK Varnamo,340,115,0,
Sebastian Soria,1983,F,Qatar SC,306,115,4,
Juan Martin,1982,F,Juventud Unida Gualeguaychu,306,115,2,
Leo Ulloa,1986,F,Rayo Vallecano,346,115,5,
Erdoğan Yılmaz,1965,F,Çaykur Rizespor,319,115,1,
Kieza,1986,F,Brasiliense,374,115,1,
Matias Suarez,1988,F,River Plate,427,115,2,
Ronnie Schwartz,1989,F,Vendsyssel FF,305,115,2,
Cameron Jerome,1986,F,Bolton Wanderers,540,115,2,
Roman Wallner,1982,F,SV Grödig,342,115,3,
Tibor Nyilasi,1955,O,Austria Wien,184,115,1,
Aydın Çetin,1980,F,Çilimli Belediyespor,511,115,1,
Asensi,1949,D,Puebla,449,115,0,
Marko Pantelic,1978,F,Olympiakos,256,115,0,
Marcus Antonsson,1991,F,IFK Varnamo,340,115,0,
Sebastian Soria,1983,F,Qatar SC,306,115,4,
Juan Martin,1982,F,Juventud Unida Gualeguaychu,306,115,2,
Leo Ulloa,1986,F,Rayo Vallecano,346,115,5,
Erdoğan Yılmaz,1965,F,Çaykur Rizespor,319,115,1,
Kieza,1986,F,Brasiliense,374,115,1,
Matias Suarez,1988,F,River Plate,427,115,2,
Ronnie Schwartz,1989,F,Vendsyssel FF,305,115,2,
Cameron Jerome,1986,F,Bolton Wanderers,540,115,2,
Roman Wallner,1982,F,SV Grödig,342,115,3,
Tibor Nyilasi,1955,O,Austria Wien,184,115,1,
Aydın Çetin,1980,F,Çilimli Belediyespor,511,115,1,
Asensi,1949,D,Puebla,449,115,0,
Marko Pantelic,1978,F,Olympiakos,256,115,0,
Tommaso Rocchi,1977,F,Szombathelyi Haladas,391,114,1,
Carlo Galli,1931,F,Lazio,314,114,3,
Michael Laudrup,1964,O,Ajax,514,114,0,
Klaus Toppmöller,1951,F,Salmrohr,245,114,1,
Kalu Uche,1982,F,CD Aguilas,349,114,3,
Xavi,1980,O,Al Sadd,917,114,2,
Ibba Laajab,1985,F,Lyn Oslo,260,114,1,
Juncosa,1922,F,Atletico Madrid,232,114,2,
Marcus Marin,1966,F,Holstein Kiel,298,114,2,
Arteche,1930,F,Athletic Bilbao,280,114,1,
Jonathan Kodjia,1989,F,Umm Salal,308,114,3,
Bünyamin Kılınç,1984,F,Konya Ereğlispor,299,114,7,
Bruno Giordano,1956,F,Ascoli,330,114,1,
Ismael Sosa,1987,F,CD Everton,501,114,3,
David McGoldrick,1987,F,Notts County,435,114,0,
Angel Rodriguez,1987,F,Mallorca,415,114,2,
M'Billa Etame,1988,F,Ankaraspor,314,114,4,
Tomer Hemed,1987,F,Hapoel Beer Sheva,403,114,1,
Andreas Herzog,1968,O,Los Angeles Galaxy,510,114,3,
Lopez Ufarte,1958,F,Real Betis,439,114,1,
Peiro,1936,F,Malaga,212,114,1,
Carlo Galli,1931,F,Lazio,314,114,3,
Michael Laudrup,1964,O,Ajax,514,114,0,
Klaus Toppmöller,1951,F,Salmrohr,245,114,1,
Kalu Uche,1982,F,CD Aguilas,349,114,3,
Xavi,1980,O,Al Sadd,917,114,2,
Lopez Ufarte,1958,F,Real Betis,439,114,1,
Peiro,1936,F,Malaga,212,114,1,
Carlo Galli,1931,F,Lazio,314,114,3,
Michael Laudrup,1964,O,Ajax,514,114,0,
Klaus Toppmöller,1951,F,Salmrohr,245,114,1,
Kalu Uche,1982,F,CD Aguilas,349,114,3,
Xavi,1980,O,Al Sadd,917,114,2,
Taylan Eliaçık,1984,F,İdmanyurdu 1925 Spor,259,113,1,
Dudu,1992,O,Palmeiras,556,113,5,
Markus Pink,1991,F,Shanghai Port,312,113,0,
Mbaye Leye,1982,F,Royal Excel Mouscron,358,113,4,
Valentin Stocker,1989,O,Basel,502,113,4,
Mehmet Gürkan Öztürk,1989,F,Amed Sportif,446,113,4,
Ignacio Piatti,1985,O,Racing Club,370,113,2,
Zlatko Dedic,1984,F,Swarovski Tirol,414,113,0,
Riccardo Carapellese,1922,F,Genoa,317,113,1,
Angelo Schiavio,1905,F,Bologna,183,113,3,
Giovanni Ferrari,1907,O,Juventus,325,113,1,
Michael Liendl,1985,O,Grazer AK,483,113,1,
Aleksandre Iashvili,1977,F,Dinamo Tbilisi,604,113,0,
Takashi Usami,1992,O,Gamba Osaka,378,113,0,
Jürgen Wegmann,1964,F,Mainz 05,296,113,0,
Isaias,1963,F,Campomaiorense,324,113,4,
Eliran Atar,1987,F,Bnei Yehuda,315,113,1,
Michail Antonio,1990,F,West Ham United,442,113,2,
Camillo Ciano,1990,F,Benevento,411,113,2,
Şenol Birol,1937,F,Karşıyaka,275,113,3,
Stefanos Athanasiadis,1988,F,Anagennisi Karditsas,378,113,4,
Dudu,1992,O,Palmeiras,556,113,5,
Markus Pink,1991,F,Shanghai Port,312,113,0,
Mbaye Leye,1982,F,Royal Excel Mouscron,358,113,4,
Valentin Stocker,1989,O,Basel,502,113,4,
Mehmet Gürkan Öztürk,1989,F,Amed Sportif,446,113,4,
Ignacio Piatti,1985,O,Racing Club,370,113,2,
Zlatko Dedic,1984,F,Swarovski Tirol,414,113,0,
Riccardo Carapellese,1922,F,Genoa,317,113,1,
Angelo Schiavio,1905,F,Bologna,183,113,3,
Giovanni Ferrari,1907,O,Juventus,325,113,1,
Michael Liendl,1985,O,Grazer AK,483,113,1,
Aleksandre Iashvili,1977,F,Dinamo Tbilisi,604,113,0,
Veysel Cihan,1976,F,Boluspor,461,112,3,
Dario Lezcano,1990,F,Colo Colo,375,112,3,
Pichi Alonso,1953,F,Espanyol,285,112,0,
Liliu,1990,F,Altos,260,112,0,
Alan Pulido,1991,F,Sporting Kansas City,317,112,3,
Roman Prokoph,1985,F,Wuppertaler SV,291,112,2,
Diego Churin,1989,F,Cerro Porteno,383,112,3,
Muriqui,1986,O,Remo,279,112,0,
Sören Rieks,1987,O,Malmö FF,478,112,0,
Gary Twigg,1984,F,Coleraine FC,210,112,1,
Tomas Pekhart,1989,F,Legia Warszawa,400,112,3,
Tomas Necid,1989,F,Bohemians 1905,399,112,3,
Kevin Mirallas,1987,F,AEL Limassol,588,112,6,
Juan Arango,1980,O,NY Cosmos,502,112,1,
Fernando,1965,F,CD Castellon,446,112,1,
Suat Mamat,1930,O,Beşiktaş,410,112,0,
Nelson Valdez,1983,F,Cerro Porteno,525,112,4,
Yossi Benayoun,1980,O,Maccabi Petah Tikva,605,112,1,
Clarence Seedorf,1976,O,Botafogo,793,112,2,
Benjamin Lauth,1981,F,Ferencvaros,382,112,1,
Tomas Necid,1989,F,Bohemians 1905,399,112,3,
Kevin Mirallas,1987,F,AEL Limassol,588,112,6,
Juan Arango,1980,O,NY Cosmos,502,112,1,
Fernando,1965,F,CD Castellon,446,112,1,
Suat Mamat,1930,O,Beşiktaş,410,112,0,
Nelson Valdez,1983,F,Cerro Porteno,525,112,4,
Yossi Benayoun,1980,O,Maccabi Petah Tikva,605,112,1,
Clarence Seedorf,1976,O,Botafogo,793,112,2,
Benjamin Lauth,1981,F,Ferencvaros,382,112,1,
Gökhan Demir,1984,F,Hendek Spor,427,111,10,
İlhan Aslanoğlu,1988,F,Aliağa Futbol A.Ş.,370,111,3,
Brandao,1980,F,Levadiakos,336,111,2,
Nilmar,1984,F,Santos,303,111,2,
Peter Stöger,1966,O,Admira Wacker,527,111,3,
Coro,1983,F,Atletico Baleares,467,111,2,
Julen Guerrero,1974,O,Athletic Bilbao,398,111,1,
Nicola Amoruso,1974,F,Atalanta,402,111,1,
Thomas Buffel,1981,O,SV Zulte Waregem,557,111,2,
Juan Pablo Angel,1975,F,Atletico Nacional,345,111,0,
Yücel Çolak,1968,F,Gaziosmanpaşa,312,111,1,
Bibras Natcho,1988,O,FK Partizan,599,111,1,
Papu Gomez,1988,O,Sevilla,558,111,5,
Pablo Granoche,1983,F,Triestina,398,111,2,
Paulinho,1986,F,Sao Jose EC,259,111,2,
Maxime Lestienne,1992,F,Lion City Sailors FC,406,111,3,
Abdullah Halman,1987,F,Gaziantepgücü,391,111,3,
Willian,1988,O,Fulham,690,111,2,
David Nugent,1985,F,Tranmere Rovers,478,111,1,
Özgür Can Özcan,1988,F,Nevşehir Belediyespor,421,111,1,
Lasse Schöne,1986,O,NEC Nijmegen,606,111,1,
İlhan Aslanoğlu,1988,F,Aliağa Futbol A.Ş.,370,111,3,
Brandao,1980,F,Levadiakos,336,111,2,
Nilmar,1984,F,Santos,303,111,2,
Peter Stöger,1966,O,Admira Wacker,527,111,3,
Coro,1983,F,Atletico Baleares,467,111,2,
Julen Guerrero,1974,O,Athletic Bilbao,398,111,1,
Nicola Amoruso,1974,F,Atalanta,402,111,1,
Thomas Buffel,1981,O,SV Zulte Waregem,557,111,2,
Juan Pablo Angel,1975,F,Atletico Nacional,345,111,0,
Yücel Çolak,1968,F,Gaziosmanpaşa,312,111,1,
Pablo Granoche,1983,F,Triestina,398,111,2,
Paulinho,1986,F,Sao Jose EC,259,111,2,
Maxime Lestienne,1992,F,Lion City Sailors FC,406,111,3,
Abdullah Halman,1987,F,Gaziantepgücü,391,111,3,
Willian,1988,O,Fulham,690,111,2,
David Nugent,1985,F,Tranmere Rovers,478,111,1,
Özgür Can Özcan,1988,F,Nevşehir Belediyespor,421,111,1,
Lasse Schöne,1986,O,NEC Nijmegen,606,111,1,
İlhan Aslanoğlu,1988,F,Aliağa Futbol A.Ş.,370,111,3,
Brandao,1980,F,Levadiakos,336,111,2,
Nilmar,1984,F,Santos,303,111,2,
Peter Stöger,1966,O,Admira Wacker,527,111,3,
Coro,1983,F,Atletico Baleares,467,111,2,
Julen Guerrero,1974,O,Athletic Bilbao,398,111,1,
Nicola Amoruso,1974,F,Atalanta,402,111,1,
Thomas Buffel,1981,O,SV Zulte Waregem,557,111,2,
Juan Pablo Angel,1975,F,Atletico Nacional,345,111,0,
Yücel Çolak,1968,F,Gaziosmanpaşa,312,111,1,
Murat Almış,1985,O,Keçiören Bağlumspor,403,110,1,
Nassim Akrour,1974,F,Chambery,319,110,0,
Frank Neubarth,1962,F,Werder Bremen,366,110,2,
Daniel Ciofani,1985,F,Cremonese,392,110,1,
Alex Darlington,1988,F,Aberystwyth Town,240,110,2,
Senai Kara,1960,F,Tokatspor,196,110,0,
Kemal Şahinoğlu,1964,F,Çaykur Rizespor,255,110,4,
Halim Okta,1966,O,Kartalspor,232,110,0,
Metin Tekin,1964,O,Beşiktaş,498,110,3,
Shinji Okazaki,1986,F,Sint-Truiden,516,110,0,
Kris Commons,1983,O,Celtic,293,110,2,
Sergey Zenjov,1989,F,FC Flora Tallinn,503,110,2,
Niall McGinn,1987,O,Glentoran FC,512,110,0,
Hasan Ahmet Sari,1992,F,Gümüşhanespor,344,110,2,
Bruno Fornaroli,1987,F,Melbourne Victory,271,110,1,
Eren Görür,1987,F,Ankara TKİ,447,110,1,
Andre Lima,1985,F,Austin Bold,335,110,4,
Gerhard Rodax,1965,O,Admira Wacker,291,110,1,
Julio Dely Valdes,1967,F,Malaga,301,110,0,
Sergio Garcia,1983,F,Espanyol,446,110,5,
Sergio Pellissier,1979,F,Chievo,465,110,2,
Nassim Akrour,1974,F,Chambery,319,110,0,
Frank Neubarth,1962,F,Werder Bremen,366,110,2,
Daniel Ciofani,1985,F,Cremonese,392,110,1,
Alex Darlington,1988,F,Aberystwyth Town,240,110,2,
Senai Kara,1960,F,Tokatspor,196,110,0,
Kemal Şahinoğlu,1964,F,Çaykur Rizespor,255,110,4,
Halim Okta,1966,O,Kartalspor,232,110,0,
Metin Tekin,1964,O,Beşiktaş,498,110,3,
Shinji Okazaki,1986,F,Sint-Truiden,516,110,0,
Kris Commons,1983,O,Celtic,293,110,2,
Sergey Zenjov,1989,F,FC Flora Tallinn,503,110,2,
Niall McGinn,1987,O,Glentoran FC,512,110,0,
Hasan Ahmet Sari,1992,F,Gümüşhanespor,344,110,2,
Bruno Fornaroli,1987,F,Melbourne Victory,271,110,1,
Eren Görür,1987,F,Ankara TKİ,447,110,1,
Andre Lima,1985,F,Austin Bold,335,110,4,
Gerhard Rodax,1965,O,Admira Wacker,291,110,1,
Julio Dely Valdes,1967,F,Malaga,301,110,0,
Sergio Garcia,1983,F,Espanyol,446,110,5,
Sergio Pellissier,1979,F,Chievo,465,110,2,
Nassim Akrour,1974,F,Chambery,319,110,0,
Julio Dely Valdes,1967,F,Malaga,301,110,0,
Sergio Garcia,1983,F,Espanyol,446,110,5,
Sergio Pellissier,1979,F,Chievo,465,110,2,
Nassim Akrour,1974,F,Chambery,319,110,0,
Dion Dublin,1969,F,Celtic,297,109,5,
Moses Ogbu,1991,O,Hebei Kungfu,289,109,0,
Veton Berisha,1994,F,Molde,375,109,1,
Pablo Gonzalez,1985,F,Novara,352,109,6,
James Tavernier,1991,D,Rangers,464,109,0,
Paulo Sergio,1969,F,Bahia,318,109,1,
Mario Rondon,1986,F,Sepsi,418,109,3,
Yura Movsisyan,1987,F,Djurgarden,283,109,2,
Michiel Kramer,1988,F,RKC Waalwijk,322,109,2,
Mustafa Abdellaoue,1988,F,Sarpsborg 08,303,109,0,
Cillian Sheridan,1989,F,Dundee FC,410,109,2,
Arif Çoban,1984,F,Tokatspor,388,109,5,
Erhan Şentürk,1989,O,Bucaspor 1928,420,109,4,
Erich Beer,1946,O,1860 München,399,109,1,
Angelo Sormani,1939,F,Vicenza,389,109,1,
Marius Ebbers,1978,F,Fort Lauderdale Strikers,360,109,2,
Paulo Sergio,1969,F,Bahia,318,109,1,
Mario Rondon,1986,F,Sepsi,418,109,3,
Yura Movsisyan,1987,F,Djurgarden,283,109,2,
Michiel Kramer,1988,F,RKC Waalwijk,322,109,2,
Mustafa Abdellaoue,1988,F,Sarpsborg 08,303,109,0,
Cillian Sheridan,1989,F,Dundee FC,410,109,2,
Arif Çoban,1984,F,Tokatspor,388,109,5,
Erhan Şentürk,1989,O,Bucaspor 1928,420,109,4,
Erich Beer,1946,O,1860 München,399,109,1,
Angelo Sormani,1939,F,Vicenza,389,109,1,
Marius Ebbers,1978,F,Fort Lauderdale Strikers,360,109,2,
Juninho,1975,O,Vasco da Gama,388,108,5,
Mauro Zarate,1987,F,Cosenza Calcio,407,108,4,
Steven Naismith,1986,F,Hearts,438,108,1,
Rafael Sobis,1985,F,Cruzeiro,550,108,8,
Yaya Toure,1983,O,Qingdao FC,538,108,3,
Vladimir Weiss,1989,O,Slovan Bratislava,431,108,4,
Marco Borriello,1982,F,UD Ibiza,382,108,1,
Jon Dahl Tomasson,1976,F,Feyenoord,345,108,2,
Florent Malouda,1980,O,Differdange 03,590,108,2,
İbrahim Yılmaz,1994,F,İstanbulspor,365,108,1,
Denis Alibec,1991,F,SSC Farul,347,108,9,
İbrahim Fatih Dilek,1988,O,Ergene Velimeşe,380,108,3,
Anton Fink,1987,F,Ulm 1846,335,108,0,
Tarık Kutver,1940,F,Gaziantepspor,394,108,2,
Reşit Kaynak,1952,F,Kayserispor,434,108,1,
Sinan Bayraktar,1965,D,Fatsa Belediyespor,350,108,3,
Anthony Ujah,1990,F,Braunschweig,338,108,0,
Jens Toornstra,1989,O,Feyenoord,525,108,1,
Andre Schürrle,1990,F,Spartak Moskova,428,108,1,
Wesley Lopes,1980,F,CSMS Iaşi,200,108,1,
Raul Bobadilla,1987,F,Bandırmaspor,402,108,7,
Mauro Zarate,1987,F,Cosenza Calcio,407,108,4,
Steven Naismith,1986,F,Hearts,438,108,1,
Rafael Sobis,1985,F,Cruzeiro,550,108,8,
Yaya Toure,1983,O,Qingdao FC,538,108,3,
Vladimir Weiss,1989,O,Slovan Bratislava,431,108,4,
Marco Borriello,1982,F,UD Ibiza,382,108,1,
Jon Dahl Tomasson,1976,F,Feyenoord,345,108,2,
Florent Malouda,1980,O,Differdange 03,590,108,2,
İbrahim Yılmaz,1994,F,İstanbulspor,365,108,1,
Denis Alibec,1991,F,SSC Farul,347,108,9,
İbrahim Fatih Dilek,1988,O,Ergene Velimeşe,380,108,3,
Anton Fink,1987,F,Ulm 1846,335,108,0,
Tarık Kutver,1940,F,Gaziantepspor,394,108,2,
Reşit Kaynak,1952,F,Kayserispor,434,108,1,
Sinan Bayraktar,1965,D,Fatsa Belediyespor,350,108,3,
Anthony Ujah,1990,F,Braunschweig,338,108,0,
Jens Toornstra,1989,O,Feyenoord,525,108,1,
Andre Schürrle,1990,F,Spartak Moskova,428,108,1,
Wesley Lopes,1980,F,CSMS Iaşi,200,108,1,
Raul Bobadilla,1987,F,Bandırmaspor,402,108,7,
Mauro Zarate,1987,F,Cosenza Calcio,407,108,4,
Steven Naismith,1986,F,Hearts,438,108,1,
Rafael Sobis,1985,F,Cruzeiro,550,108,8,
Yaya Toure,1983,O,Qingdao FC,538,108,3,
Vladimir Weiss,1989,O,Slovan Bratislava,431,108,4,
Marco Borriello,1982,F,UD Ibiza,382,108,1,
Jon Dahl Tomasson,1976,F,Feyenoord,345,108,2,
Florent Malouda,1980,O,Differdange 03,590,108,2,
Yaya Toure,1983,O,Qingdao FC,538,108,3,
Vladimir Weiss,1989,O,Slovan Bratislava,431,108,4,
Marco Borriello,1982,F,UD Ibiza,382,108,1,
Jon Dahl Tomasson,1976,F,Feyenoord,345,108,2,
Florent Malouda,1980,O,Differdange 03,590,108,2,
Andre Kona,1970,F,İstanbulspor,278,107,1,
Erhan Kiremitçi,1963,F,Bakırköyspor,255,107,1,
Ali Gültiken,1965,F,Kayseri Erciyesspor,356,107,1,
Manolo Gabbiadini,1991,F,Sampdoria,397,107,1,
Martin Braithwaite,1991,F,Espanyol,478,107,1,
Conor Sammon,1987,F,Alloa Athletic,523,107,1,
Xherdan Shaqiri,1991,O,Chicago Fire,554,107,1,
Danny Welbeck,1990,F,Brighton & Hove Albion,440,107,0,
Fernando Forestieri,1990,F,Johor DT,367,107,7,
Aldo Serena,1960,F,Milan,298,107,1,
Bum-Kun Cha,1953,F,Bayer Leverkusen,348,107,0,
Paolo Rossi,1956,F,Hellas Verona,267,107,0,
Oğuz Çetin,1963,O,Adanaspor,711,107,0,
Luis Figo,1972,O,Inter,577,107,9,
Fazlı Ulusal,1974,F,Erzurumspor,349,107,1,
Murat Çaydemir,1989,F,Kuşadasıspor,291,107,6,
Turgay An,1987,O,Manisa Sanayi Yıldız,367,107,3,
Muharrem Ozan Cengiz,1988,F,İnegölspor,324,107,2,
Igor Subbotin,1990,O,Nomme JK Kalju,344,107,1,
Stephan Hain,1988,F,Unterhaching,269,107,0,
Feyzullah Küçük,1962,F,Cizrespor (ESKİ),398,107,6,
Erhan Kiremitçi,1963,F,Bakırköyspor,255,107,1,
Ali Gültiken,1965,F,Kayseri Erciyesspor,356,107,1,
Manolo Gabbiadini,1991,F,Sampdoria,397,107,1,
Martin Braithwaite,1991,F,Espanyol,478,107,1,
Conor Sammon,1987,F,Alloa Athletic,523,107,1,
Xherdan Shaqiri,1991,O,Chicago Fire,554,107,1,
Danny Welbeck,1990,F,Brighton & Hove Albion,440,107,0,
Fernando Forestieri,1990,F,Johor DT,367,107,7,
Aldo Serena,1960,F,Milan,298,107,1,
Bum-Kun Cha,1953,F,Bayer Leverkusen,348,107,0,
Paolo Rossi,1956,F,Hellas Verona,267,107,0,
Oğuz Çetin,1963,O,Adanaspor,711,107,0,
Luis Figo,1972,O,Inter,577,107,9,
Fazlı Ulusal,1974,F,Erzurumspor,349,107,1,
Paolo Rossi,1956,F,Hellas Verona,267,107,0,
Oğuz Çetin,1963,O,Adanaspor,711,107,0,
Luis Figo,1972,O,Inter,577,107,9,
Fazlı Ulusal,1974,F,Erzurumspor,349,107,1,
Mark Viduka,1975,F,Newcastle United,309,106,2,
Ciaran Kilduff,1988,F,Shelbourne,295,106,1,
Javier Orozco,1987,F,Xelaju MC,355,106,3,
Gabriel Hauche,1986,F,Racing Club,512,106,11,
Torgeir Börven,1991,F,Valerenga,339,106,0,
Keisuke Honda,1986,O,Suduva,431,106,0,
Jonathas,1989,F,Inter de Limeira,314,106,8,
Yaser Hacımustafaoğlu,1991,F,Van Spor FK,337,106,6,
Dimitar Rangelov,1983,F,Slavia Sofia,404,106,7,
Chu-Young Park,1985,F,Ulsan Hyundai,408,106,0,
Arda Turan,1987,O,Galatasaray,622,106,6,
Cayetano Re,1938,F,Espanyol,272,106,0,
Manu Sarabia,1957,O,UD Logrones,384,106,0,
Fabrizio Ravanelli,1968,F,Perugia,287,106,1,
Pavel Nedved,1972,O,Juventus,507,106,8,
Hesselink,1978,F,PSV Eindhoven,291,106,3,
Richard Yarsuvat,1992,O,GAIS,237,106,2,
Lucas Perez,1988,F,Deportivo La Coruna,374,106,0,
Abdoulay Diaby,1991,O,Pendikspor,398,106,3,
Ronny König,1983,F,FSV Zwickau,493,106,2,
Kosta Kasapoğlu,1935,F,İstanbulspor,511,106,1,
Ciaran Kilduff,1988,F,Shelbourne,295,106,1,
Javier Orozco,1987,F,Xelaju MC,355,106,3,
Gabriel Hauche,1986,F,Racing Club,512,106,11,
Torgeir Börven,1991,F,Valerenga,339,106,0,
Keisuke Honda,1986,O,Suduva,431,106,0,
Jonathas,1989,F,Inter de Limeira,314,106,8,
Yaser Hacımustafaoğlu,1991,F,Van Spor FK,337,106,6,
Dimitar Rangelov,1983,F,Slavia Sofia,404,106,7,
Chu-Young Park,1985,F,Ulsan Hyundai,408,106,0,
Arda Turan,1987,O,Galatasaray,622,106,6,
Cayetano Re,1938,F,Espanyol,272,106,0,
Manu Sarabia,1957,O,UD Logrones,384,106,0,
Fabrizio Ravanelli,1968,F,Perugia,287,106,1,
Pavel Nedved,1972,O,Juventus,507,106,8,
Hesselink,1978,F,PSV Eindhoven,291,106,3,
Cayetano Re,1938,F,Espanyol,272,106,0,
Manu Sarabia,1957,O,UD Logrones,384,106,0,
Fabrizio Ravanelli,1968,F,Perugia,287,106,1,
Pavel Nedved,1972,O,Juventus,507,106,8,
Hesselink,1978,F,PSV Eindhoven,291,106,3,
Ergin Keleş,1987,F,Kastamonuspor,439,105,0,
Tayfur Emre Yılmaz,1989,F,Silivrispor,390,105,1,
Christopher Maguire,1989,F,Eastleigh,545,105,3,
Ailton,1984,F,Örgryte,351,105,1,
Rafik Djebbour,1984,F,Consolat Marseille,240,105,2,
Xisco,1986,F,Atletico Baleares,372,105,3,
Manolo,1965,O,Celta Vigo,318,105,2,
Bebeto,1964,F,Vasco da Gama,162,105,0,
Peter Odemwingie,1981,F,Persepam Madura Utd,348,105,4,
Deivid de Souza,1979,F,Coritiba,319,105,2,
Andrei Arshavin,1981,F,Kairat,450,105,3,
Claudio Lopez,1974,F,Colorado Rapids,336,105,2,
Kevin Nolan,1982,O,Leyton Orient,540,105,5,
Robert Pires,1973,O,FC Goa,463,105,1,
Ömer Yalçın,1984,F,Yozgat Bld.Bozokspor,423,105,1,
Giannis Loukinas,1991,F,Kallithea,233,105,1,
Nicky Maynard,1986,F,Tranmere Rovers,386,105,1,
Raif Demir,1988,O,Orhangazi Çakırlıspor,363,105,4,
Jakob Jantscher,1989,O,Sturm Graz,473,105,3,
Jo Inge Berget,1990,O,Malmö FF,463,105,0,
Wellington,1988,F,Avispa Fukuoka,354,105,3,
Tayfur Emre Yılmaz,1989,F,Silivrispor,390,105,1,
Christopher Maguire,1989,F,Eastleigh,545,105,3,
Ailton,1984,F,Örgryte,351,105,1,
Rafik Djebbour,1984,F,Consolat Marseille,240,105,2,
Xisco,1986,F,Atletico Baleares,372,105,3,
Manolo,1965,O,Celta Vigo,318,105,2,
Bebeto,1964,F,Vasco da Gama,162,105,0,
Peter Odemwingie,1981,F,Persepam Madura Utd,348,105,4,
Deivid de Souza,1979,F,Coritiba,319,105,2,
Andrei Arshavin,1981,F,Kairat,450,105,3,
Claudio Lopez,1974,F,Colorado Rapids,336,105,2,
Kevin Nolan,1982,O,Leyton Orient,540,105,5,
Robert Pires,1973,O,FC Goa,463,105,1,
Ömer Yalçın,1984,F,Yozgat Bld.Bozokspor,423,105,1,
Jo Inge Berget,1990,O,Malmö FF,463,105,0,
Wellington,1988,F,Avispa Fukuoka,354,105,3,
Tayfur Emre Yılmaz,1989,F,Silivrispor,390,105,1,
Christopher Maguire,1989,F,Eastleigh,545,105,3,
Ailton,1984,F,Örgryte,351,105,1,
Rafik Djebbour,1984,F,Consolat Marseille,240,105,2,
Xisco,1986,F,Atletico Baleares,372,105,3,
Manolo,1965,O,Celta Vigo,318,105,2,
Bebeto,1964,F,Vasco da Gama,162,105,0,
Peter Odemwingie,1981,F,Persepam Madura Utd,348,105,4,
Deivid de Souza,1979,F,Coritiba,319,105,2,
Andrei Arshavin,1981,F,Kairat,450,105,3,
Claudio Lopez,1974,F,Colorado Rapids,336,105,2,
Kevin Nolan,1982,O,Leyton Orient,540,105,5,
Robert Pires,1973,O,FC Goa,463,105,1,
Ömer Yalçın,1984,F,Yozgat Bld.Bozokspor,423,105,1,
Erol Kapusuz,1974,F,Amed Sportif,337,104,5,
David Di Michele,1976,F,Lupa Roma,427,104,3,
Michael Mifsud,1981,F,Mosta,343,104,3,
Louis Saha,1978,F,Lazio,357,104,1,
Viktor Prodell,1988,F,Vasteras SK FK,334,104,0,
Sergio Araujo,1992,F,AEK Atina,379,104,4,
Nikos Karelis,1992,F,Panaitolikos,355,104,1,
Mitchell Megginson,1992,F,Cove Rangers,308,104,3,
Michael Higdon,1983,F,Bangor City,294,104,3,
Ilombe Mboyo,1987,F,Excelsior Virton,364,104,2,
Leonard Kweuke,1987,F,Çaykur Rizespor,251,104,2,
Oleksandr Gladky,1987,F,Chornomorets Odessa,367,104,0,
Reza Ghoochannejhad,1987,F,PEC Zwolle,308,104,3,
Onur Garip,1989,F,Ergene Velimeşe,349,104,10,
Hassan Nader,1965,F,Farense,272,104,6,
Rexach,1947,F,Barcelona,388,104,2,
Gino Cappello,1920,F,Bologna,304,104,2,
Olaf Thon,1966,F,Schalke 04,534,104,1,
Günter Netzer,1944,F,Grasshoppers,365,104,0,
Andres D'Alessandro,1981,O,Internacional,620,104,10,
Zvjezdan Misimovic,1982,O,Beijing Renhe,385,104,3,
David Di Michele,1976,F,Lupa Roma,427,104,3,
Michael Mifsud,1981,F,Mosta,343,104,3,
Louis Saha,1978,F,Lazio,357,104,1,
Viktor Prodell,1988,F,Vasteras SK FK,334,104,0,
Sergio Araujo,1992,F,AEK Atina,379,104,4,
Nikos Karelis,1992,F,Panaitolikos,355,104,1,
Mitchell Megginson,1992,F,Cove Rangers,308,104,3,
Michael Higdon,1983,F,Bangor City,294,104,3,
Ilombe Mboyo,1987,F,Excelsior Virton,364,104,2,
Leonard Kweuke,1987,F,Çaykur Rizespor,251,104,2,
Oleksandr Gladky,1987,F,Chornomorets Odessa,367,104,0,
Reza Ghoochannejhad,1987,F,PEC Zwolle,308,104,3,
Onur Garip,1989,F,Ergene Velimeşe,349,104,10,
Hassan Nader,1965,F,Farense,272,104,6,
Rexach,1947,F,Barcelona,388,104,2,
Gino Cappello,1920,F,Bologna,304,104,2,
Olaf Thon,1966,F,Schalke 04,534,104,1,
Günter Netzer,1944,F,Grasshoppers,365,104,0,
Andres D'Alessandro,1981,O,Internacional,620,104,10,
Zvjezdan Misimovic,1982,O,Beijing Renhe,385,104,3,
David Di Michele,1976,F,Lupa Roma,427,104,3,
Michael Mifsud,1981,F,Mosta,343,104,3,
Louis Saha,1978,F,Lazio,357,104,1,
Andres D'Alessandro,1981,O,Internacional,620,104,10,
Zvjezdan Misimovic,1982,O,Beijing Renhe,385,104,3,
David Di Michele,1976,F,Lupa Roma,427,104,3,
Michael Mifsud,1981,F,Mosta,343,104,3,
Louis Saha,1978,F,Lazio,357,104,1,
Tümer Metin,1974,O,Kerkyra,482,103,6,
Franko Andrijasevic,1991,O,Zhejiang G. FC,365,103,3,
Facundo Ferreyra,1991,F,Argentinos Juniors,293,103,3,
Andre,1990,F,Ponte Preta,409,103,2,
Tom de Sutter,1985,F,Royal Knokke,366,103,1,
Stephan El Shaarawy,1992,O,Roma,413,103,0,
Zoran Tosic,1987,O,Tobol,467,103,1,
David Barral,1983,F,CF Internacional,418,103,11,
Ergun Cengiz,1987,O,K.Çekmece Sinopspor,393,103,3,
Nacho Novo,1979,F,Glentoran FC,337,103,4,
Ruben Cano,1951,F,Rayo Vallecano,250,103,3,
Johan Cruyff,1947,F,Feyenoord,246,103,2,
Valeri Bojinov,1986,F,Levski Sofia,439,103,2,
Mohamadou Idrissou,1980,F,Kufstein,346,103,6,
Sertan Eser,1974,F,Sakaryaspor,410,103,4,
Mauricio Montes,1982,F,Alianza Atletico,304,103,2,
Luigi Castaldo,1982,F,Paganese,310,103,0,
Gaucho,1972,F,Rio Ave,282,103,2,
Jose Castillo,1983,F,Oriente Petrolero,275,103,5,
Ahmed Musa,1992,F,Sivasspor,451,103,1,
Rok Kronaveter,1986,O,Allerheiligen,349,103,5,
Franko Andrijasevic,1991,O,Zhejiang G. FC,365,103,3,
Facundo Ferreyra,1991,F,Argentinos Juniors,293,103,3,
Andre,1990,F,Ponte Preta,409,103,2,
Tom de Sutter,1985,F,Royal Knokke,366,103,1,
Stephan El Shaarawy,1992,O,Roma,413,103,0,
Zoran Tosic,1987,O,Tobol,467,103,1,
David Barral,1983,F,CF Internacional,418,103,11,
Ergun Cengiz,1987,O,K.Çekmece Sinopspor,393,103,3,
Nacho Novo,1979,F,Glentoran FC,337,103,4,
Ruben Cano,1951,F,Rayo Vallecano,250,103,3,
Johan Cruyff,1947,F,Feyenoord,246,103,2,
Valeri Bojinov,1986,F,Levski Sofia,439,103,2,
Mohamadou Idrissou,1980,F,Kufstein,346,103,6,
Sertan Eser,1974,F,Sakaryaspor,410,103,4,
Valeri Bojinov,1986,F,Levski Sofia,439,103,2,
Mohamadou Idrissou,1980,F,Kufstein,346,103,6,
Sertan Eser,1974,F,Sakaryaspor,410,103,4,
Zafer Biryol,1976,F,1922 Konyaspor,263,102,2,
Mehmet Batdal,1986,F,Fatih Karagümrük,335,102,3,
Miralem Sulejmani,1988,O,Young Boys,444,102,1,
Erik Jendrisek,1986,F,Liptovsky Mikulas,455,102,0,
Ferdi Başoda,1983,F,İzmirspor,415,102,2,
Patrick Helmes,1984,F,Köln,205,102,0,
Emil Kostadinov,1967,F,Mainz 05,288,102,3,
Rüdiger Abramczik,1956,F,Gütersloh,422,102,0,
Angelo Domenghini,1941,F,Foggia Calcio,392,102,0,
Predrag Mijatovic,1969,F,Fiorentina,302,102,1,
Dimitris Papadopoulos,1981,F,Panaitolikos,275,102,1,
Amauri,1980,F,NY Cosmos,391,102,5,
Halil Altıntop,1982,F,Kaiserslautern,528,102,0,
Perez Munoz Alfonso,1972,F,Real Betis,357,102,1,
Paolo Di Canio,1968,F,Lazio,464,102,6,
Kevin Davies,1977,F,Preston North End,603,102,2,
Sylvain Wiltord,1974,F,Nantes,398,102,0,
Mattia Destro,1991,F,Empoli,350,102,1,
Nikos Liberopoulos,1975,F,AEK Atina,256,102,1,
Pavel Pogrebnyak,1983,F,Ural,381,102,4,
Salvatore Caturano,1990,F,Rossoblu Potenza,301,102,1,
Mehmet Batdal,1986,F,Fatih Karagümrük,335,102,3,
Miralem Sulejmani,1988,O,Young Boys,444,102,1,
Erik Jendrisek,1986,F,Liptovsky Mikulas,455,102,0,
Ferdi Başoda,1983,F,İzmirspor,415,102,2,
Patrick Helmes,1984,F,Köln,205,102,0,
Emil Kostadinov,1967,F,Mainz 05,288,102,3,
Rüdiger Abramczik,1956,F,Gütersloh,422,102,0,
Angelo Domenghini,1941,F,Foggia Calcio,392,102,0,
Predrag Mijatovic,1969,F,Fiorentina,302,102,1,
Dimitris Papadopoulos,1981,F,Panaitolikos,275,102,1,
Amauri,1980,F,NY Cosmos,391,102,5,
Halil Altıntop,1982,F,Kaiserslautern,528,102,0,
Perez Munoz Alfonso,1972,F,Real Betis,357,102,1,
Paolo Di Canio,1968,F,Lazio,464,102,6,
Kevin Davies,1977,F,Preston North End,603,102,2,
Sylvain Wiltord,1974,F,Nantes,398,102,0,
Ferdi Başoda,1983,F,İzmirspor,415,102,2,
Patrick Helmes,1984,F,Köln,205,102,0,
Emil Kostadinov,1967,F,Mainz 05,288,102,3,
Rüdiger Abramczik,1956,F,Gütersloh,422,102,0,
Angelo Domenghini,1941,F,Foggia Calcio,392,102,0,
Predrag Mijatovic,1969,F,Fiorentina,302,102,1,
Dimitris Papadopoulos,1981,F,Panaitolikos,275,102,1,
Amauri,1980,F,NY Cosmos,391,102,5,
Halil Altıntop,1982,F,Kaiserslautern,528,102,0,
Perez Munoz Alfonso,1972,F,Real Betis,357,102,1,
Paolo Di Canio,1968,F,Lazio,464,102,6,
Kevin Davies,1977,F,Preston North End,603,102,2,
Sylvain Wiltord,1974,F,Nantes,398,102,0,
Sadettin Özer,1984,F,Mardin 47 Spor,260,101,2,
Andrei Cristea,1984,F,Dacia Mioveni,356,101,4,
Jaba,1981,F,Altos,271,101,7,
John Charles,1931,F,Cardiff City,190,101,0,
Dieter Eckstein,1964,F,Augsburg,352,101,3,
Mehmet Albayrak,1986,F,Cizrespor,385,101,2,
Amoroso,1974,F,Guarani FC,252,101,4,
Ünal Karaman,1966,O,MKE Ankaragücü,526,101,3,
Carlos Sanchez,1984,O,CA Penarol,503,101,6,
Etey Shechter,1987,F,Hapoel Petah Tikva,438,101,6,
Ariel Nahuelpan,1987,F,Wilstermann,371,101,8,
Demba Savage,1988,F,TPS Turku,389,101,2,
Derek Lyle,1981,F,BSC Glasgow,349,101,2,
Cyril Thereau,1983,F,Fiorentina,345,101,1,
Burak Çalık,1989,F,Çorum FK,399,101,0,
Ali Kucık,1991,F,Nevşehir Belediyespor,361,101,8,
Shkelzen Gashi,1988,F,Aarau,315,101,1,
Alexander Gorgon,1988,O,Pogon Szczecin,333,101,1,
Edmond Kapllani,1982,F,Elversberg,337,101,3,
Daryl Murphy,1983,F,Waterford FC,460,101,0,
Jacob Mulenga,1984,F,Go Ahead Eagles,298,101,0,
Andrei Cristea,1984,F,Dacia Mioveni,356,101,4,
Jaba,1981,F,Altos,271,101,7,
John Charles,1931,F,Cardiff City,190,101,0,
Dieter Eckstein,1964,F,Augsburg,352,101,3,
Mehmet Albayrak,1986,F,Cizrespor,385,101,2,
Amoroso,1974,F,Guarani FC,252,101,4,
Ünal Karaman,1966,O,MKE Ankaragücü,526,101,3,
Carlos Sanchez,1984,O,CA Penarol,503,101,6,
Etey Shechter,1987,F,Hapoel Petah Tikva,438,101,6,
Ariel Nahuelpan,1987,F,Wilstermann,371,101,8,
Demba Savage,1988,F,TPS Turku,389,101,2,
Derek Lyle,1981,F,BSC Glasgow,349,101,2,
Cyril Thereau,1983,F,Fiorentina,345,101,1,
Burak Çalık,1989,F,Çorum FK,399,101,0,
Ali Kucık,1991,F,Nevşehir Belediyespor,361,101,8,
Shkelzen Gashi,1988,F,Aarau,315,101,1,
Alexander Gorgon,1988,O,Pogon Szczecin,333,101,1,
Edmond Kapllani,1982,F,Elversberg,337,101,3,
Daryl Murphy,1983,F,Waterford FC,460,101,0,
Jacob Mulenga,1984,F,Go Ahead Eagles,298,101,0,
Andrei Cristea,1984,F,Dacia Mioveni,356,101,4,
Jaba,1981,F,Altos,271,101,7,
John Charles,1931,F,Cardiff City,190,101,0,
Dieter Eckstein,1964,F,Augsburg,352,101,3,
Mehmet Albayrak,1986,F,Cizrespor,385,101,2,
Amoroso,1974,F,Guarani FC,252,101,4,
Mehmet Albayrak,1986,F,Cizrespor,385,101,2,
Amoroso,1974,F,Guarani FC,252,101,4,
Ahmed Hassan,1975,F,Zamalek,293,100,1,
Marlos Bonfim,1988,O,Atletico Paranaense,483,100,2,
Atdhe Nuhiu,1989,F,Rheindorf Altach,523,100,2,
İlkay Gündoğan,1990,O,Barcelona,586,100,0,
Hannes Aigner,1981,F,Rheindorf Altach,240,100,4,
Akseli Pelvas,1989,F,IFK Mariehamn,301,100,1,
Riku Riski,1989,F,TPS Turku,419,100,0,
Leandro Carrijo,1985,F,El Paso Locomotive,263,100,1,
Lex Immers,1986,O,Scheveningen,479,100,2,
John Sutton,1983,F,Greenock Morton,372,100,0,
Nelson Oliveira,1991,F,PAOK,390,100,4,
Jaja,1986,F,Chiangrai United,260,100,0,
Danny Koevermans,1978,F,Utrecht,226,100,0,
Sandor Torghelle,1982,F,Budapest Vasas,340,100,7,
Youssouf Hadji,1980,F,Nancy,414,100,2,
Alessandro Matri,1984,F,Brescia,398,100,2,
Toifilou Maoulida,1979,F,Tours,423,100,5,
Murat Deniz,1977,D,Turgutreisspor,320,100,4,
Reha Kapsal,1963,F,Zeytinburnuspor,304,100,3,
Josh Magennis,1990,F,Wigan Athletic,583,100,3,
Aron Johannsson,1990,F,Valur,279,100,1,
Marlos Bonfim,1988,O,Atletico Paranaense,483,100,2,
Atdhe Nuhiu,1989,F,Rheindorf Altach,523,100,2,
İlkay Gündoğan,1990,O,Barcelona,586,100,0,
Hannes Aigner,1981,F,Rheindorf Altach,240,100,4,
Akseli Pelvas,1989,F,IFK Mariehamn,301,100,1,
Riku Riski,1989,F,TPS Turku,419,100,0,
Leandro Carrijo,1985,F,El Paso Locomotive,263,100,1,
Lex Immers,1986,O,Scheveningen,479,100,2,
John Sutton,1983,F,Greenock Morton,372,100,0,
Nelson Oliveira,1991,F,PAOK,390,100,4,
Jaja,1986,F,Chiangrai United,260,100,0,
Danny Koevermans,1978,F,Utrecht,226,100,0,
Sandor Torghelle,1982,F,Budapest Vasas,340,100,7,
Youssouf Hadji,1980,F,Nancy,414,100,2,
Alessandro Matri,1984,F,Brescia,398,100,2,
Toifilou Maoulida,1979,F,Tours,423,100,5,
Murat Deniz,1977,D,Turgutreisspor,320,100,4,
İlkay Gündoğan,1990,O,Barcelona,586,100,0,
Hannes Aigner,1981,F,Rheindorf Altach,240,100,4,
Akseli Pelvas,1989,F,IFK Mariehamn,301,100,1,
Riku Riski,1989,F,TPS Turku,419,100,0,
Leandro Carrijo,1985,F,El Paso Locomotive,263,100,1,
Lex Immers,1986,O,Scheveningen,479,100,2,
John Sutton,1983,F,Greenock Morton,372,100,0,
Nelson Oliveira,1991,F,PAOK,390,100,4,
Jaja,1986,F,Chiangrai United,260,100,0,
Danny Koevermans,1978,F,Utrecht,226,100,0,
Sandor Torghelle,1982,F,Budapest Vasas,340,100,7,
Youssouf Hadji,1980,F,Nancy,414,100,2,
Alessandro Matri,1984,F,Brescia,398,100,2,
Toifilou Maoulida,1979,F,Tours,423,100,5,
Murat Deniz,1977,D,Turgutreisspor,320,100,4,
Peguy Luyindula,1979,F,New York Red Bulls,406,99,1,
Jeremy Menez,1987,F,Reggina,546,99,7,
Uli Hoeness,1952,O,Nürnberg,315,99,0,
Elyaniv Barda,1981,F,Hapoel Beer Sheva,334,99,1,
Dirk Lottner,1972,O,MSV Duisburg,453,99,3,
Anıl Gir,1990,F,Fethiyespor,309,99,1,
Halil İbrahim Cenik,1988,F,Kahramanmaraşspor,391,99,5,
Tim Vayrynen,1993,F,Vaduz,332,99,2,
Ralph Hasenhuttl,1967,F,Greuther Fürth,385,99,4,
Andreas Weimann,1991,F,Bristol City,488,99,0,
Ziya Doğan,1961,O,Zeytinburnuspor,423,99,4,
Adailton Silva,1990,F,FC Tokyo,392,99,1,
Maureen Franco,1983,F,Sud America,237,99,2,
Carlos Luna,1982,F,Atletico Tigre,322,99,2,
Sebastian Fernandez,1985,F,Danubio,477,99,1,
Raşit Sevindir,1986,O,Kumluca Belediyespor,533,99,3,
Miku,1985,F,Real Murcia,344,99,3,
Jamie Murphy,1989,F,Ayr United,504,99,1,
Emanuele Calaio,1982,F,Salernitana,346,99,6,
Antonio Candreva,1987,O,Sampdoria,599,99,4,
Kenwyne Jones,1984,F,Atlanta United,364,99,1,
Jeremy Menez,1987,F,Reggina,546,99,7,
Uli Hoeness,1952,O,Nürnberg,315,99,0,
Elyaniv Barda,1981,F,Hapoel Beer Sheva,334,99,1,
Dirk Lottner,1972,O,MSV Duisburg,453,99,3,
