Page,Game,Metascore
1,The Legend of Zelda: Ocarina of Time,99
1,SoulCalibur,98
1,Grand Theft Auto IV,98
1,Super Mario Galaxy,97
1,Super Mario Galaxy 2,97
1,The Legend of Zelda: Breath of the Wild,97
1,Perfect Dark (2000),97
1,Tony Hawk's Pro Skater 3,97
1,Red Dead Redemption 2,97
1,Grand Theft Auto V,97
1,Metroid Prime,97
1,Grand Theft Auto III,97
1,Super Mario Odyssey,97
1,Halo: Combat Evolved,97
1,NFL 2K1,97
1,Half-Life 2,96
1,BioShock,96
1,GoldenEye 007,96
1,Uncharted 2: Among Thieves,96
1,Resident Evil 4 (2005),96
1,Baldur's Gate 3,96
1,The Orange Box,96
1,Tekken 3,96
1,Mass Effect 2,96
2,The House in Fata Morgana - Dreams of the Revenants Edition -,96
2,Elden Ring,96
2,The Elder Scrolls V: Skyrim,96
2,Half-Life,96
2,The Legend of Zelda: Tears of the Kingdom,96
2,The Legend of Zelda: The Wind Waker,96
2,The Legend of Zelda: Tears of the Kingdom - Nintendo Switch 2 Edition,96
2,Gran Turismo,96
2,Metal Gear Solid 2: Sons of Liberty,96
2,Grand Theft Auto Double Pack,96
2,Portal: Companion Collection,95
2,Baldur's Gate II: Shadows of Amn,95
2,Grand Theft Auto: San Andreas,95
2,Grand Theft Auto: Vice City,95
2,LittleBigPlanet,95
2,The Legend of Zelda Collector's Edition,95
2,Gran Turismo 3: A-Spec,95
2,Halo 2,95
2,The Legend of Zelda: Majora's Mask,95
2,The Legend of Zelda: A Link to the Past / Four Swords,95
2,The Last of Us,95
2,The Legend of Zelda: Breath of the Wild - Nintendo Switch 2 Edition,95
2,The Legend of Zelda: Twilight Princess,95
2,Madden NFL 2003,95
3,Persona 5 Royal,95
3,The Last of Us Remastered,95
3,Red Dead Redemption,95
3,Portal 2,95
3,Astro Bot,94
3,Final Fantasy IX,94
3,God of War,94
3,Tony Hawk's Pro Skater 4,94
3,Elden Ring: Shadow of the Erdtree,94
3,Devil May Cry,94
3,Madden NFL 2002,94
3,Batman: Arkham City,94
3,Metroid Prime Remastered,94
3,The Legend of Zelda: Ocarina of Time 3D,94
3,Chrono Cross,94
3,Madden NFL 2004,94
3,Gears of War,94
3,The Elder Scrolls IV: Oblivion,94
3,Sid Meier's Civilization II,94
3,Quake,94
3,Metaphor: ReFantazio,94
3,Call of Duty 4: Modern Warfare,94
3,BioShock Infinite,94
3,Halo 3,94
4,Ninja Gaiden Black,94
4,Super Mario Advance 4: Super Mario Bros. 3,94
4,Grim Fandango,94
4,Metal Gear Solid,94
4,Jet Set Radio (2000),94
4,Tom Clancy's Splinter Cell: Chaos Theory,94
4,God of War: Ragnarok,94
4,Resident Evil Code: Veronica,94
4,Burnout 3: Takedown,94
4,Diablo,94
4,Metal Gear Solid 3: Subsistence,94
4,Call of Duty: Modern Warfare 2,94
4,Metal Gear Solid 4: Guns of the Patriots,94
4,God of War (2005),94
4,Star Wars: Knights of the Old Republic,94
4,Sid Meier's Civilization IV,94
4,Virtua Fighter 4,94
4,Super Smash Bros. Brawl,93
4,Company of Heroes,93
4,Gran Turismo 2,93
4,The Last of Us Part II,93
4,Tom Clancy's Splinter Cell: Pandora Tomorrow,93
4,Grand Theft Auto: Chinatown Wars,93
4,Pac-Man Championship Edition DX,93
5,Dwarf Fortress,93
5,Half-Life: Alyx,93
5,Divinity: Original Sin II,93
5,Unreal Tournament 2004,93
5,Braid,93
5,God of War II,93
5,Super Mario 3D World,93
5,Starcraft II: Wings of Liberty,93
5,SSX (2000),93
5,Street Fighter IV,93
5,Minecraft,93
5,Persona 4 Golden,93
5,Persona 5,93
5,Quake III Arena,93
5,SSX 3,93
5,Tom Clancy's Splinter Cell,93
5,Homeworld,93
5,Okami,93
5,Fallout 3,93
5,Gears of War 2,93
5,SoulCalibur II,93
5,Pro Evolution Soccer 2,93
5,Mass Effect 3,93
5,Metal Gear Solid V: The Phantom Pain,93
6,Skies of Arcadia,93
6,The Legend of Zelda: Skyward Sword,93
6,Mario Kart: Super Circuit,93
6,Rock Band 3,93
6,Viewtiful Joe,93
6,NBA 2K1,93
6,Hades,93
6,Resident Evil 4,93
6,Virtua Fighter 4: Evolution,93
6,Uncharted 4: A Thief's End,93
6,Super Smash Bros. Ultimate,93
6,Paper Mario,93
6,Wipeout XL,93
6,Clair Obscur: Expedition 33,93
6,INSIDE,93
6,World of Warcraft,93
6,World Soccer Winning Eleven 7 International,93
6,Flipnote Studio,93
6,Forza Horizon 4,92
6,God of War III,92
6,NHL 2002,92
6,NFL 2K3,92
6,SSX Tricky,92
6,Prince of Persia: The Sands of Time,92
7,Uncharted 3: Drake's Deception,92
7,Final Fantasy VII Rebirth,92
7,Rock Band,92
7,Super Mario Bros. Wonder,92
7,Xenoblade Chronicles 3: Expansion Pass Wave 4 - Future Redeemed,92
7,Bloodborne,92
7,Eternal Darkness: Sanity's Requiem,92
7,Warcraft III: Reign of Chaos,92
7,The Sims,92
7,Banjo-Kazooie,92
7,Sid Meier's Gettysburg!,92
7,Celeste,92
7,Forza Motorsport (2005),92
7,Forza Horizon 5,92
7,Advance Wars,92
7,Vagrant Story,92
7,Team Fortress 2,92
7,System Shock 2,92
7,Final Fantasy XII,92
7,The Witcher 3: Wild Hunt,92
7,Super Mario World: Super Mario Advance 2,92
7,ESPN NFL 2K5,92
7,Super Smash Bros. Melee,92
7,Street Fighter 6,92
8,Virtua Tennis,92
8,Rome: Total War,92
8,Forza Motorsport 3,92
8,Demon's Souls,92
8,Blue Prince,92
8,Undertale,92
8,Batman: Arkham Asylum,92
8,Super Mario Sunshine,92
8,Tony Hawk's Pro Skater,92
8,Thief: The Dark Project,92
8,Fire Emblem: Awakening,92
8,Age of Empires II: The Age of Kings,92
8,Final Fantasy X,92
8,Wave Race 64,92
8,Sid Meier's Alpha Centauri,92
8,Divinity: Original Sin II - Definitive Edition,92
8,Galactic Civilizations II: Twilight of the Arnor,92
8,Super Smash Bros. for Nintendo 3DS / Wii U,92
8,Guitar Hero II,92
8,Final Fantasy VII,92
8,Chrono Trigger,92
8,Final Fantasy XIV: Endwalker,92
8,Journey,92
8,Medal of Honor (1999),92
9,Medal of Honor (1999),92
9,Rock Band 2,92
9,Mario Kart 8 Deluxe,92
9,The ICO &amp; Shadow of the Colossus Collection,92
9,Metroid Prime 2: Echoes,92
9,Out of the Park Baseball 17,92
9,Metroid Fusion,92
9,The Witcher 3: Wild Hunt - Blood and Wine,92
9,Final Fantasy VI,92
9,Rayman Legends,92
9,UFO 50,91
9,Madden NFL 2005,91
9,Against the Storm,91
9,Medal of Honor: Allied Assault,91
9,Myth: The Fallen Lords,91
9,LittleBigPlanet 2,91
9,Microsoft Flight Simulator,91
9,Guitar Hero,91
9,Slay The Princess - The Pristine Cut,91
9,World of Warcraft: Wrath of the Lich King,91
9,Metroid Prime Trilogy,91
9,I Was a Teenage Exocolonist,91
9,Madden NFL 2001,91
9,Overwatch,91
10,Madden NFL 2001,91
10,F1 Challenge '99-'02,91
10,Bayonetta 2,91
10,Klonoa 2: Lunatea's Veil,91
10,FreeSpace 2,91
10,Mario Tennis,91
10,IL-2 Sturmovik,91
10,Colony Wars,91
10,Ratchet &amp; Clank: Up Your Arsenal,91
10,Resident Evil (Remake),91
10,Metal Gear Solid 3: Snake Eater,91
10,Dragon Quest XI S: Echoes of an Elusive Age - Definitive Edition,91
10,Tomb Raider (1996),91
10,Twisted Metal: Black,91
10,Spyro: Year of the Dragon,91
10,Forza Horizon 3,91
10,The Legend of Zelda: Ocarina of Time / Master Quest,91
10,Kentucky Route Zero - Act III,91
10,NCAA Football 2003,91
10,Crysis,91
10,Ninja Gaiden (2004),91
10,God of War: Chains of Olympus,91
10,DOA2: Hardcore,91
10,World of Warcraft: The Burning Crusade,91
11,MLB 10: The Show,91
11,Shadow of the Colossus,91
11,Yoshi's Island: Super Mario Advance 3,91
11,The Longest Journey,91
11,Tony Hawk's Pro Skater 2,91
11,ESPN NFL Football,91
11,Star Wars Jedi Knight: Dark Forces II,91
11,Halo: Reach,91
11,Galactic Civilizations II: Dark Avatar,91
11,Mass Effect,91
11,The Operative: No One Lives Forever,91
11,Resident Evil 3: Nemesis,91
11,Split Fiction,91
11,Forza Motorsport 4,91
11,Resident Evil,91
11,Crusader Kings III,91
11,Battlefield 2,91
11,God of War Collection,91
11,Planescape: Torment,91
11,Gears of War 3,91
11,Killzone 2,91
11,Neverwinter Nights,91
11,No One Lives Forever 2: A Spy in H.A.R.M.'s Way,91
11,Castlevania: Aria of Sorrow,91
12,Legacy of Kain: Soul Reaver,91
12,Golden Sun,91
12,Disco Elysium,91
12,World Soccer Winning Eleven 8 International,91
12,The Legend of Zelda: A Link Between Worlds,91
12,NieR: Automata - Game of the YoRHa Edition,91
12,Castlevania: Circle of the Moon,91
12,Resident Evil 2,91
12,Donkey Kong Bananza,91
12,Satisfactory,91
12,Caves of Qud,91
12,Dark Souls II,91
12,Shovel Knight: Treasure Trove,91
12,Crash Bandicoot: Warped,91
12,Mario Golf,91
12,Mario Kart DS,91
12,Call of Duty,91
12,Assassin's Creed II,90
12,Animal Well,90
12,Balatro,90
12,Project Gotham Racing 2,90
12,Animal Crossing: New Horizons,90
12,The Sims 2,90
12,Final Fantasy XIV: Shadowbringers,90
13,World of Warcraft: Cataclysm,90
13,Bayonetta,90
13,Diablo III: Ultimate Evil Edition,90
13,ICO,90
13,Tom Clancy's Ghost Recon Advanced Warfighter,90
13,World of Goo,90
13,Mario &amp; Luigi: Superstar Saga,90
13,Slay the Princess,90
13,Syphon Filter,90
13,Tony Hawk's Underground,90
13,Ape Escape,90
13,Mario &amp; Luigi: Bowser's Inside Story,90
13,Trials Evolution,90
13,Grand Theft Auto IV: The Lost and Damned,90
13,FIFA Soccer 12,90
13,Factorio,90
13,Ratchet &amp; Clank: Going Commando,90
13,NBA Street Vol. 2,90
13,Black &amp; White,90
13,FIFA Soccer 10,90
13,Marvel's Spider-Man 2,90
13,The Legend of Zelda: The Wind Waker HD,90
13,Portal,90
13,The Legend of Zelda: Phantom Hourglass,90
14,NHL 2001,90
14,Dance Dance Revolution,90
14,Jack Jeanne,90
14,Advance Wars: Dual Strike,90
14,MLB 11: The Show,90
14,NieR: Automata - Become as Gods Edition,90
14,Jak and Daxter: The Precursor Legacy,90
14,Star Wars Rogue Leader: Rogue Squadron II,90
14,Deus Ex,90
14,NCAA Football 2002,90
14,Stephen's Sausage Roll,90
14,Tsukihime: A Piece of Blue Glass Moon,90
14,Donkey Kong 64,90
14,Panzer Dragoon Orta,90
14,Portal: Still Alive,90
14,Half-Life 2: Episode Two,90
14,Shin Megami Tensei: Persona 4,90
14,Hollow Knight,90
14,MLB 09: The Show,90
14,Blast Corps,90
14,Ori and the Will of the Wisps,90
14,WWF SmackDown! 2: Know Your Role,90
14,VIDEOVERSE,90
14,MVP Baseball 2004,90
15,Sid Meier's Civilization III,90
15,The Last of Us Part II Remastered,90
15,LIMBO,90
15,Mark of the Ninja,90
15,Silent Hunter III,90
15,Chained Echoes,90
15,Super Meat Boy,90
15,Dead Space 2,90
15,Pikmin 2,90
15,DAVE THE DIVER,90
15,Okami HD,90
15,Geometry Wars: Retro Evolved 2,90
15,Sid Meier's Civilization V,90
15,Super Mario 3D Land,90
15,Mario Kart 8 DLC Pack 2,90
15,Falcon 4.0: Allied Force,90
15,The Stanley Parable: Ultra Deluxe,90
15,Metroid Prime 3: Corruption,90
15,Flight Simulator 2002,90
15,Monster Hunter: World,90
15,Dota 2,90
15,TimeSplitters 2,90
15,Guild Wars 2,90
15,Forza Motorsport 2,90
16,Pushmo,90
16,Freedom Force,90
16,FIFA Soccer 13,90
16,Into the Breach,90
16,Sekiro: Shadows Die Twice,90
16,Chicory: A Colorful Tale,90
16,Tekken 8,90
16,GTR 2,90
16,Total War: Shogun 2,90
16,Empire: Total War,90
16,Astro Bot Rescue Mission,90
16,Final Fantasy VIII,90
16,Command &amp; Conquer: Red Alert,90
16,Kentucky Route Zero - Act IV,90
16,NBA 2K12,90
16,Bayonetta + Bayonetta 2,90
16,Beetle Adventure Racing,90
16,The Witcher 3: Wild Hunt - Hearts of Stone,89
16,Star Wars Jedi Knight II: Jedi Outcast,89
16,Wipeout HD Fury,89
16,Halo 2 Multiplayer Map Pack,89
16,Borderlands 2,89
16,Shin Megami Tensei: Persona 3 Portable,89
16,Neon White,89
17,Xenoblade Chronicles: Definitive Edition,89
17,Burnout Revenge,89
17,Call of Duty 2,89
17,Dragon Quest VIII: Journey of the Cursed King,89
17,Metroid: Zero Mission,89
17,The Legend of Zelda: Majora's Mask 3D,89
17,Wipeout 3,89
17,Age of Mythology,89
17,The Walking Dead: A Telltale Games Series,89
17,Tiger Woods PGA Tour 2004,89
17,Sacrifice (2000),89
17,Pikmin,89
17,Monster Hunter: World - Iceborne,89
17,Dead Cells,89
17,despelote,89
17,Rez,89
17,Demon's Souls (2009),89
17,Pillars of Eternity,89
17,Castlevania: Symphony of the Night,89
17,Fable II,89
17,Rez Infinite,89
17,Final Fantasy Chronicles,89
17,NHL 2K3,89
17,Fallout,89
18,Pizza Tower,89
18,The Talos Principle: Reawakened,89
18,Assassin's Creed: Brotherhood,89
18,Thank Goodness You're Here!,89
18,Left 4 Dead 2,89
18,Worldwide Soccer Manager 2005,89
18,Death Stranding 2: On The Beach,89
18,Left 4 Dead,89
18,Slay the Spire,89
18,Titanfall 2,89
18,Dark Souls III,89
18,Phantasy Star Online,89
18,NBA 2K3,89
18,Tekken 2,89
18,NASCAR Racing 2002 Season,89
18,Jade Empire,89
18,Gunstar Heroes,89
18,Xenoblade Chronicles 3,89
18,F-Zero GX,89
18,Super Mario 3D World + Bowser's Fury,89
18,Dark Souls,89
18,NBA Street V3,89
18,Need for Speed: Hot Pursuit 2,89
18,Grand Theft Auto IV: The Ballad of Gay Tony,89
19,Kynseed,89
19,The Legend of Zelda: The Minish Cap,89
19,Homeworld: Cataclysm,89
19,NCAA Football 2004,89
19,Combat Mission: Barbarossa to Berlin,89
19,Cyberpunk 2077: Phantom Liberty,89
19,Tetris Effect,89
19,Fez,89
19,Dead Space,89
19,Cave Story,89
19,The Walking Dead: Episode 5 - No Time Left,89
19,Guild Wars,89
19,Atari 50: The Anniversary Celebration,89
19,World Soccer Winning Eleven 9,89
19,Ace Combat 04: Shattered Skies,89
19,Max Payne,89
19,Final Fantasy VII Remake Intergrade,89
19,Out of the Park Baseball 15,89
19,Hollow Knight: Voidheart Edition,89
19,Football Manager Handheld,89
19,Streets of Rage 2,89
19,Fire Emblem: Three Houses,89
19,World in Conflict,89
19,NieR: Automata - The End of YoRHa Edition,89
20,Quake II - Enhanced Edition,89
20,Castlevania: Dawn of Sorrow,89
20,Destiny 2: The Final Shape,89
20,NASCAR Racing 4,89
20,Far Cry,89
20,Horizon Forbidden West: Complete Edition,89
20,Nuclear Throne,89
20,Dead Space (2008),89
20,Like a Dragon: Infinite Wealth,89
20,Cuphead in the Delicious Last Course,89
20,Lone Echo,89
20,XCOM: Enemy Unknown,89
20,Rise of Nations (2003),89
20,World Series Baseball 2K3,89
20,The Curse of Monkey Island,89
20,NASCAR Racing 2003 Season,89
20,Descent 3,89
20,Shin Megami Tensei: Persona 3 FES,89
20,Apex Legends,89
20,NORCO,89
20,Dark Souls: Artorias of the Abyss,89
20,Metal Gear Solid HD Collection,89
20,Battlefield 3,89
20,Battlefield 1942,89
21,Synth Riders,89
21,Dreams,89
21,Einhander,89
21,Deus Ex: Human Revolution,89
21,The Chronicles of Riddick: Escape From Butcher Bay,89
21,WWF No Mercy,89
21,Gran Turismo 4,89
21,Sword of the Sea,89
21,The Beatles: Rock Band,89
21,Advance Wars 2: Black Hole Rising,89
21,Return of the Obra Dinn,89
21,Lumines,89
21,L.A. Noire,89
21,Ratchet &amp; Clank Future: Tools of Destruction,89
21,Peggle,89
21,Tony Hawk's Pro Skater 1 + 2,89
21,Alan Wake II,89
21,New Super Mario Bros.,89
21,Silent Hill 2 (2001),89
21,Castlevania Dominus Collection,89
21,Metal Gear Solid: Peace Walker,89
21,"WarioWare, Inc.: Mega Microgame$!",89
21,Grandia,89
21,NBA 2K2,89
22,Colors! 3D,89
22,NBA 2K11,89
22,Disco Elysium: The Final Cut,89
22,Horizon Zero Dawn,89
22,Stardew Valley,89
22,Devil May Cry 5: Special Edition,89
22,The Last of Us Part I,89
22,Railroad Tycoon II,89
22,Top Spin,89
22,NBA Street,89
22,ESPN NBA Basketball,89
22,Soul Edge,89
22,Burnout Paradise,88
22,Asgard's Wrath,88
22,Wipeout Pure,88
22,A Short Hike,88
22,XCOM 2: War of the Chosen,88
22,DUSK,88
22,Medieval: Total War,88
22,Tiger Woods PGA Tour 2005,88
22,Microsoft Flight Simulator 2004: A Century of Flight,88
22,R4: Ridge Racer Type 4,88
22,Excitebike 64,88
22,Shenmue,88
23,Abiotic Factor,88
23,Shadow Complex,88
23,Call of Duty: Modern Warfare 3,88
23,What Remains of Edith Finch,88
23,Brothers in Arms: Road to Hill 30,88
23,Deus Ex: Human Revolution - Director's Cut,88
23,Tetris Effect: Connected,88
23,Dishonored,88
23,CTR: Crash Team Racing,88
23,Crusader Kings II: The Old Gods,88
23,Cocoon,88
23,Lorelei and the Laser Eyes,88
23,Pinball FX 2: Marvel Pinball - Avengers Chronicles,88
23,Ultimate Fighting Championship,88
23,Medal of Honor: Frontline,88
23,Superbike 2001,88
23,Kingdom Come: Deliverance II,88
23,Mario Kart 8,88
23,Super Mario Maker,88
23,Tekken 5,88
23,F.E.A.R.,88
23,Monster Hunter Wilds,88
23,Psychonauts,88
23,The Binding of Isaac: Rebirth,88
24,NHL 10,88
24,BioShock 2,88
24,Kerbal Space Program,88
24,Diddy Kong Racing,88
24,Star Fox 64,88
24,Tribes 2,88
24,Age of Empires II: The Conquerors Expansion,88
24,NHL 09,88
24,Ori and the Blind Forest: Definitive Edition,88
24,Streets of Rage 4: Mr. X Nightmare,88
24,NieR: Automata,88
24,Meteos,88
24,Rise of the Tomb Raider: 20 Year Celebration,88
24,It Takes Two,88
24,Uncharted: Drake's Fortune,88
24,Mullet MadJack,88
24,Tom Clancy's Rainbow Six: Vegas,88
24,Super Street Fighter II Turbo HD Remix,88
24,Starcraft,88
24,Tactics Ogre: The Knight of Lodis,88
24,Warcraft III: The Frozen Throne,88
24,Assassin's Creed IV: Black Flag,88
24,The Last of Us: Left Behind,88
24,Far Cry 3,88
25,Dead Cells: Return to Castlevania,88
25,Ratchet &amp; Clank: Rift Apart,88
25,Star Wars Pinball: Balance of the Force,88
25,Rogue Legacy 2,88
25,Fight Night Round 2,88
25,The Secret of Monkey Island: Special Edition,88
25,Project Gotham Racing 3,88
25,NBA 2K17,88
25,Battlefield: Bad Company 2,88
25,The World Ends with You,88
25,Torchlight II,88
25,XCOM 2,88
25,Dishonored 2,88
25,Myth II: Soulblighter,88
25,JSRF: Jet Set Radio Future,88
25,Divinity: Original Sin Enhanced Edition,88
25,Ratchet &amp; Clank,88
25,Tiger Woods PGA Tour 2003,88
25,XCOM: Enemy Within,88
25,Injustice 2: Legendary Edition,88
25,Horizon Forbidden West,88
25,Red Faction,88
25,ESPN NHL Hockey,88
25,NCAA Football 2005,88
26,The Crimson Diamond,88
26,Fire Emblem Fates: Special Edition,88
26,Pinball FX 2,88
26,Final Fantasy Tactics,88
26,NHL 11,88
26,Wario Land 4,88
26,The Elder Scrolls III: Morrowind - Game of the Year Edition,88
26,WarioWare: Twisted!,88
26,Pokemon Y,88
26,Deathloop,88
26,Ori and the Blind Forest,88
26,The Talos Principle 2,88
26,Shogo: Mobile Armor Division,88
26,Thirty Flights of Loving,88
26,KILL KNIGHT,88
26,The Witcher 2: Assassins of Kings,88
26,Hearthstone: Heroes of Warcraft,88
26,Unity of Command II,88
26,Grand Theft Auto: Liberty City Stories,88
26,Metroid Dread,88
26,Medieval II: Total War,88
26,Super Mario Maker 2,88
26,Sly 2: Band of Thieves,88
26,Bomberman Tournament,88
27,FIFA Soccer 2003,88
27,F1 2002,88
27,Tekken 5: Dark Resurrection,88
27,The Stanley Parable,88
27,God of War: Ragnarok - Valhalla,88
27,Shogun Showdown,88
27,Heretic + Hexen,88
27,Guacamelee! Gold Edition,88
27,Monster Hunter Rise,88
27,ESPN NHL 2K5,88
27,Counter-Strike: Source,88
27,Fire Emblem,88
27,Fire Emblem Fates: Revelation,88
27,Sid Meier's Civilization VI,88
27,Battlefield 1,88
27,Paper Mario: The Thousand-Year Door,88
27,Starcraft II: Legacy of the Void,88
27,Diablo III,88
27,Resident Evil 4: Separate Ways,88
27,Diablo III: Eternal Collection,88
27,Oddworld: Stranger's Wrath,88
27,Rise of Nations: Thrones &amp; Patriots,88
27,Sid Meier's Pirates!,88
27,EVE Online: Special Edition,88
28,SteamWorld Dig 2,88
28,FIFA Soccer 11,88
28,LittleBigPlanet PS Vita,88
28,Armadillo Run,88
28,World of Warcraft: Legion,88
28,Pillars of Eternity II: Deadfire,88
28,DOOM Eternal,88
28,Art of Balance,88
28,Joe Danger: Special Edition,88
28,Dark Age of Camelot,88
28,Crimson Skies: High Road to Revenge,88
28,Baldur's Gate II: Throne of Bhaal,88
28,Cave Story Plus,88
28,NASCAR Thunder 2004,88
28,HYPER DEMON,88
28,Owlboy,88
28,The Talos Principle: Deluxe Edition,88
28,Battlefield: Bad Company 2 Vietnam,88
28,Mouthwashing,88
28,Night in the Woods,88
28,Need for Speed: Hot Pursuit,88
28,Ridge Racer,88
28,Nex Machina: Death Machine,88
28,Nioh,88
29,Animal Crossing: New Leaf,88
29,Diablo II,88
29,NBA 2K13,88
29,Halls of Torment,88
29,Need for Speed III: Hot Pursuit,88
29,Oddworld: Abe's Exoddus,88
29,Mortal Kombat 11 Ultimate,88
29,Plants vs. Zombies,87
29,Rocksmith 2014 Edition,87
29,Guacamelee! Super Turbo Championship Edition,87
29,DOOM 3,87
29,Subnautica,87
29,Devil May Cry 5,87
29,Halo 4,87
29,Football Manager 2010,87
29,Final Fantasy XIV: Stormblood,87
29,Bloodborne: The Old Hunters,87
29,Hitman 3,87
29,Persona 3 Reload,87
29,Injustice 2,87
29,Ghost of Tsushima: Director's Cut,87
29,SOCOM II: U.S. Navy SEALs,87
29,The Witness,87
29,RalliSport Challenge 2,87
30,The Nioh Collection,87
30,Final Fantasy VII Remake,87
30,Pokemon White Version,87
30,Dragon Quest IX: Sentinels of the Starry Skies,87
30,Pokemon X,87
30,RimWorld,87
30,Baldur's Gate: Dark Alliance,87
30,Europa Universalis II,87
30,Metropolis Street Racer,87
30,Power Stone 2,87
30,FIFA Soccer 09,87
30,Jeanne d'Arc,87
30,Street Fighter V: Arcade Edition,87
30,Sea of Stars,87
30,Astral Chain,87
30,Critter Crunch,87
30,Monster Train 2,87
30,Crypt of the NecroDancer,87
30,Guilty Gear -Strive-,87
30,Kathy Rain: Director's Cut,87
30,Tactical Breach Wizards,87
30,Shin Megami Tensei V: Vengeance,87
30,Legends of Runeterra,87
30,Pokemon Sun,87
31,Sins of a Solar Empire,87
31,Earthion,87
31,Five Nights at Freddy's: Into the Pit,87
31,Heavy Rain,87
31,Super Monkey Ball 2,87
31,Thief II: The Metal Age,87
31,MechWarrior 4: Vengeance,87
31,Crusader Kings III: Roads to Power,87
31,Tactics Ogre: Let Us Cling Together,87
31,Diablo II: Lord of Destruction,87
31,Pikmin 4,87
31,Kentucky Route Zero: TV Edition,87
31,Final Fantasy XVI,87
31,Half-Life 2: Episode One,87
31,Uncharted: Legacy of Thieves Collection,87
31,Mass Effect 2: Lair of the Shadow Broker,87
31,Gran Turismo 7,87
31,DiRT 3,87
31,Syphon Filter: Dark Mirror,87
31,The Elder Scrolls III: Morrowind,87
31,The Swapper,87
31,Spin Rhythm XD,87
31,Pokemon SoulSilver Version,87
31,Castlevania: Harmony of Dissonance,87
32,Dragon Ball FighterZ,87
32,The Legend of Zelda: Link's Awakening,87
32,Mini Motorways,87
32,Ultimate Card Games,87
32,Batman: Arkham Knight,87
32,Dead or Alive 3,87
32,Jak II,87
32,Mario Kart 8 DLC Pack 1,87
32,Final Fantasy Tactics Advance,87
32,Immortality,87
32,NCAA Football 06,87
32,Red Dead Redemption: Undead Nightmare Pack,87
32,Marvel's Spider-Man,87
32,Pokemon Moon,87
32,New Super Mario Bros. Wii,87
32,Elite Beat Agents,87
32,Paper Mario: The Thousand-Year Door (2004),87
32,Mario Kart: Double Dash!!,87
32,RalliSport Challenge,87
32,Icewind Dale,87
32,Bangai-O,87
32,Battlefield 3: Armored Kill,87
32,Forza Motorsport 6,87
32,Donkey Kong Country Returns,87
33,Bully,87
33,Call of Duty: Black Ops,87
33,Fire Emblem Fates: Conquest,87
33,TowerFall Ascension,87
33,Tearaway,87
33,Metal Gear Solid: Portable Ops,87
33,Theatrhythm Final Bar Line,87
33,Zack &amp; Wiki: Quest for Barbaros' Treasure,87
33,MLB 13: The Show,87
33,Psychonauts 2,87
33,NFL 2K2,87
33,MechAssault,87
33,Kohan: Immortal Sovereigns,87
33,Animal Crossing,87
33,Fight Night Round 4,87
33,The Legend of Zelda: Spirit Tracks,87
33,Pipistrello and the Cursed Yoyo,87
33,Raw Data,87
33,Pokemon HeartGold Version,87
33,Diablo III: Reaper of Souls,87
33,Little King's Story,87
33,Pro Evolution Soccer 2016,87
33,Grand Prix 3,87
33,Metal Gear Solid 2: Substance,87
34,Serious Sam: The First Encounter,87
34,Shogun: Total War Warlord Edition,87
34,Zero Escape: The Nonary Games,87
34,NASCAR SimRacing,87
34,MLB 12: The Show,87
34,Pokemon Black Version,87
34,Final Fantasy VI Pixel Remaster,87
34,Mass Effect Legendary Edition,87
34,Wolfenstein II: The New Colossus,87
34,Call of Duty: United Offensive,87
34,Odin Sphere Leifthrasir,87
34,Wipeout HD,87
34,Grindstone,87
34,Divinity: Original Sin,87
34,Unavowed,87
34,Company of Heroes: Opposing Fronts,87
34,OutRun,87
34,Worldwide Soccer Manager 2007,87
34,Katamari Damacy REROLL,87
34,DiRT 2,87
34,Rayman Origins,87
34,Return to Monkey Island,87
34,Sin &amp; Punishment: Star Successor,87
34,Out of the Park Baseball 4,87
35,Out of the Park Baseball 4,87
35,Super Monkey Ball,87
35,Velocity,87
35,Spelunky,87
35,Pinball FX 2: Star Wars Pinball,87
35,The Making of Karateka,87
35,Minishoot' Adventures,87
35,Dark Souls II: Scholar of the First Sin,87
35,Resistance 2,87
35,flower,87
35,Europa Universalis IV,87
35,Sonic Mania Plus,87
35,Neva,87
35,NBA 2K16,87
35,Pikmin 3,87
35,Sunless Skies,87
35,Total War: WARHAMMER II,87
35,Zeus: Master of Olympus,87
35,Driver,87
35,Tales of Arise,87
35,Spelunky 2,87
35,Hi-Fi Rush,87
35,Marvel vs. Capcom Fighting Collection: Arcade Classics,87
35,Velocity Ultra,87
36,There is no game : Wrong dimension,87
36,Forza Horizon 3: Hot Wheels,87
36,Marvel's Spider-Man Remastered,87
36,Hex: Shards of Fate,87
36,ANTONBLAST,87
36,World of Warcraft: Warlords of Draenor,87
36,Halo Infinite,87
36,PixelJunk Shooter,87
36,Xenoblade Chronicles X: Definitive Edition,87
36,"Warhammer 40,000: Dawn of War - Dark Crusade",87
36,Dark Cloud 2,87
36,GRID (2008),87
36,Kingdom Hearts II,87
36,Fallout 4,87
36,Tenchu: Stealth Assassins,87
36,Ratchet &amp; Clank Future: A Crack in Time,87
36,MotoGP 2,87
36,Guilty Gear X2,87
36,Spider-Man (2000),87
36,Sonic Advance,87
36,Teenage Mutant Ninja Turtles: Shredder's Revenge - Dimension Shellshock,87
36,Lonely Mountains: Snow Riders,87
36,Shin Megami Tensei: Persona 3,86
36,Arco,86
37,PixelJunk Monsters Deluxe,86
37,Tales From The Borderlands: Episode 5 - The Vault of the Traveler,86
37,LostWinds: Winter of the Melodias,86
37,Gone Home,86
37,Kirby's Epic Yarn,86
37,Bomberman Blast,86
37,Pac-Man Championship Edition DX +,86
37,The Last Friend,86
37,Turbo Overkill,86
37,Bustafellows,86
37,Uncharted: The Nathan Drake Collection,86
37,The Elder Scrolls IV: Shivering Isles,86
37,The Great Ace Attorney Chronicles,86
37,Supreme Commander,86
37,Fallout 2,86
37,Startopia,86
37,Enemy Engaged: RAH-66 Comanche Versus Ka-52 Hokum,86
37,Silent Hill (1999),86
37,Total War: Shogun 2 - Fall of the Samurai,86
37,Mario Kart 8 Deluxe: Booster Course Pass - Wave 4,86
37,Kirby: Canvas Curse,86
37,Burnout Legends,86
37,Minds Beneath Us,86
37,Football Manager 2013,86
38,Out of the Park Baseball 14,86
38,Warhammer 40K: Rogue Trader - Void Shadows,86
38,Overboard!,86
38,The Roottrees are Dead,86
38,MVP Baseball 2005,86
38,The Witcher: Enhanced Edition,86
38,F1 2017,86
38,Astebreed,86
38,Unicorn Overlord,86
38,Ground Control,86
38,Cuphead,86
38,Velocity 2X,86
38,Killer Instinct Season 3,86
38,Valkyria Chronicles,86
38,The Messenger,86
38,Resistance: Fall of Man,86
38,Boom Blox Bash Party,86
38,Kentucky Route Zero,86
38,Diablo IV,86
38,Might &amp; Magic: Clash of Heroes,86
38,Total War: WARHAMMER,86
38,Vampire Survivors,86
38,F1 2020,86
38,Monster Hunter Rise: Sunbreak,86
39,BlazBlue: Calamity Trigger,86
39,Monster Boy and the Cursed Kingdom,86
39,Saints Row IV,86
39,Street Fighter 6: Years 1-2 Fighters Edition,86
39,Mercenaries: Playground of Destruction,86
39,Test Drive V-Rally,86
39,Golden Sun: The Lost Age,86
39,Total Annihilation,86
39,EverQuest: Omens of War,86
39,Steel Beasts,86
39,Monster Hunter 4 Ultimate,86
39,Patapon,86
39,Sid Meier's Civilization IV: Beyond the Sword,86
39,Dragon Quest Builders 2,86
39,1000xRESIST,86
39,Dragon Age: Origins,86
39,Steins;Gate Elite,86
39,The Sims 3,86
39,Freedom Force vs The 3rd Reich,86
39,Fluidity,86
39,Destiny 2: The Witch Queen,86
39,Titanfall,86
39,Tomb Raider,86
39,Picross 3D: Round 2,86
40,Tribes: Ascend,86
40,Borderlands 2: Tiny Tina's Assault on Dragon Keep,86
40,Silent Hill 2,86
40,Asgard's Wrath 2,86
40,Metal Gear Solid Delta: Snake Eater,86
40,Lunar 2: Eternal Blue,86
40,Alundra,86
40,Ni no Kuni: Wrath of the White Witch Remastered,86
40,Guilty Gear Xrd -REVELATOR-,86
40,Pinball FX 2: Marvel Pinball,86
40,Anonymous;Code,86
40,God of War: Ghost of Sparta,86
40,Trials HD,86
40,Panzer Corps 2,86
40,Her Story,86
40,Punch-Out!!,86
40,ESPN College Hoops 2K5,86
40,Suikoden III,86
40,Radiant Silvergun,86
40,Starcraft II: Heart of the Swarm,86
40,Prince of Persia: The Lost Crown,86
40,Pentiment,86
40,Bayonetta 3,86
40,Dungeon Siege,86
41,Guilty Gear X2 #Reload,86
41,Riven,86
41,Star Wars: Knights of the Old Republic II - The Sith Lords,86
41,Crashmo,86
41,Beyond Good &amp; Evil,86
41,Mario &amp; Luigi: Partners in Time,86
41,Mortal Kombat (2011),86
41,Brothers: A Tale of Two Sons,86
41,SoulCalibur III,86
41,NCAA Football 11,86
41,Street Fighter III: 3rd Strike - Fight for the Future,86
41,Final Fantasy XII: The Zodiac Age,86
41,Max Payne 2: The Fall of Max Payne,86
41,Mario Kart World,86
41,Homeworld Remastered Collection,86
41,Star Wars Pinball,86
41,Galactic Civilizations II: Dread Lords,86
41,Planet Puzzle League,86
41,Animal Crossing: Wild World,86
41,DmC: Devil May Cry,86
41,Medal of Honor Underground,86
41,Need for Speed: High Stakes,86
41,Dino Crisis 2,86
41,Star Trek: Voyager Elite Force,86
42,Nioh 2: The Complete Edition,86
42,Professor Layton and the Unwound Future,86
42,Grapple Dogs: Cosmic Canines,86
42,Star Ocean: The Second Story R,86
42,We Love Katamari,86
42,HROT,86
42,Worldwide Soccer Manager 2008,86
42,Dance Central 2,86
42,Sly Cooper and the Thievius Raccoonus,86
42,IL-2 Sturmovik: Forgotten Battles,86
42,Geometry Wars: Retro Evolved,86
42,Total War: WARHAMMER III,86
42,Fight Night Round 3,86
42,Amplitude (2003),86
42,Bastion,86
42,Devotion,86
42,Sonic Mania,86
42,The Legend of Zelda: Four Swords Adventures,86
42,Joe Danger,86
42,Sons of the Forest,86
42,Tales of Symphonia,86
42,Daytona USA,86
42,Unreal Tournament 2003,86
42,Colin McRae Rally 3,86
43,Age of Wonders II: The Wizard's Throne,86
43,Fight Night Champion,86
43,Links 2001,86
43,Full Throttle,86
43,NBA Live 2004,86
43,Tom Clancy's Rainbow Six 3,86
43,Burnout 2: Point of Impact,86
43,EverQuest: The Ruins of Kunark,86
43,Katamari Damacy,86
43,The Lord of the Rings Online: Shadows of Angmar,86
43,Grand Theft Auto: Vice City Stories,86
43,Sea of Stars: Throes of the Watchmaker,86
43,Desperados III,86
43,Indiana Jones and the Great Circle,86
43,"Warhammer 40,000: Dawn of War",86
43,Pony Island,86
43,MLB The Show 19,86
43,Tom Clancy's Ghost Recon Advanced Warfighter 2,86
43,Tales From Space: Mutant Blobs Attack,86
43,Max Payne 3,86
43,Skate,86
43,Warhammer Online: Age of Reckoning,86
43,Resident Evil 7: biohazard,86
43,NHL 12,86
44,Rise of the Tomb Raider,86
44,Chants of Sennaar,86
44,Advance Wars: Days of Ruin,86
44,PlayerUnknown's Battlegrounds,86
44,Forza Horizon 2,86
44,Monster Train,86
44,Europa Universalis,86
44,Command &amp; Conquer: Red Alert 2 - Yuri's Revenge,86
44,Escape from Monkey Island,86
44,Moto Racer Advance,86
44,DELTARUNE,86
44,Beat Saber,86
44,SteamWorld Heist,86
44,IL-2 Sturmovik: 1946,86
44,XCOM: Enemy Within Expansion,86
44,Final Fantasy XIV: Heavensward,86
44,Wildermyth,86
44,Luigi's Mansion 3,86
44,Dance Central 3,86
44,Shatter (2009),86
44,Final Fantasy XIV Online: A Realm Reborn,86
44,Luigi's Mansion: Dark Moon,86
44,DJ Hero 2,86
44,Dragon's Dogma 2,86
45,Armored Core VI: Fires of Rubicon,86
45,Battlefield 3: Back to Karkand,86
45,Dragon Quest XI: Echoes of an Elusive Age,86
45,F-Zero: Maximum Velocity,86
45,Destiny: The Taken King,86
45,Heroes of the Storm,86
45,Civilization III: Conquests,86
45,Turok 2: Seeds of Evil,86
45,Code:Realize - Guardian of Rebirth,86
45,Path of Exile,86
45,Returnal,86
45,Braid Anniversary Edition,86
45,Guilty Gear Xrd: Rev 2,86
45,OlliOlli2: Welcome to Olliwood,86
45,Assault Android Cactus+,86
45,Forza Motorsport 7,86
45,Sumire,86
45,ENDER LILIES: Quietus of the Knights,86
45,Football Manager 2019,86
45,Gunman Clive HD Collection,86
45,Persona 4 Arena,86
45,Astral Ascent,86
45,Viewtiful Joe 2,86
45,Humanity,86
46,Day of the Tentacle Remastered,86
46,Cyberpunk 2077,86
46,Xenoblade Chronicles,86
46,Fire Emblem Fates: Birthright,86
46,Citizen Sleeper 2: Starward Vector,86
46,The Legend of Zelda: Twilight Princess HD,86
46,Resogun: Heroes,86
46,Allegiance,86
46,Tetris Party,86
46,Mini Metro,86
46,Age of Mythology: Retold - Immortal Pillars,86
46,Cadence of Hyrule: Crypt of the NecroDancer Featuring The Legend of Zelda,85
46,Monster Hunter Generations,85
46,Shantae: Risky's Revenge,85
46,Castlevania: Portrait of Ruin,85
46,Inscryption,85
46,Risk of Rain 2,85
46,Tom Clancy's Splinter Cell: Conviction,85
46,Mario + Rabbids Sparks of Hope,85
46,Aggressive Inline,85
46,The Talos Principle,85
46,Cities: Skylines,85
46,DiRT Rally,85
46,Project Gotham Racing 4,85
47,Metroid Prime: Hunters,85
47,Metroid: Samus Returns,85
47,World of Warcraft: The War Within,85
47,Midnight Club 3: DUB Edition Remix,85
47,NHL 08,85
47,Ni no Kuni: Wrath of the White Witch,85
47,Kingdom Two Crowns,85
47,Buckshot Roulette,85
47,Deep Rock Galactic,85
47,Falcon 4.0,85
47,StarVaders,85
47,Tom Clancy's Rainbow Six,85
47,NHL 2004,85
47,Oddworld: Abe's Oddysee,85
47,Closer the Distance,85
47,Wasteland 3,85
47,Legend of Grimrock II,85
47,Guitar Hero III: Legends of Rock,85
47,Sly Cooper Collection,85
47,Tatsunoko vs. Capcom: Ultimate All-Stars,85
47,"Sam &amp; Max Episode 205: What's New, Beelzebub?",85
47,Daxter,85
47,Dragon Age: Inquisition,85
47,Tales from the Borderlands: A Telltale Game Series,85
48,Hearthstone: Heroes of Warcraft - Whispers of the Old Gods,85
48,Among Us,85
48,MLB 08: The Show,85
48,Unreal Championship 2: The Liandri Conflict,85
48,13 Sentinels: Aegis Rim,85
48,The Legend of Zelda: Echoes of Wisdom,85
48,Horizon Zero Dawn Remastered,85
48,The Outer Worlds,85
48,Super Street Fighter IV,85
48,City of Heroes,85
48,Pokemon Pearl Version,85
48,Blaster Master Zero II,85
48,Lara Croft and the Guardian of Light,85
48,EverQuest,85
48,Midnight Club II,85
48,Rollcage Stage II,85
48,F-Zero X,85
48,SWAT 4,85
48,Trials Evolution: Origin of Pain,85
48,Tom Clancy's Splinter Cell: Double Agent,85
48,Pillars of Eternity: Complete Edition,85
48,Bravely Default,85
48,Star Wars Jedi: Survivor,85
48,"Warhammer 40,000: Dawn of War II",85
49,The Sims 4: Realm of Magic,85
49,Paradigm,85
49,Tekken Tag Tournament,85
49,Onimusha 3: Demon Siege,85
49,Bug Fables: The Everlasting Sapling,85
49,Paranormasight: The Seven Mysteries of Honjo,85
49,Final Fantasy X-2,85
49,Battlerite,85
49,Command &amp; Conquer 3: Tiberium Wars,85
49,Madden NFL 10,85
49,Astro Boy: Omega Factor,85
49,BlazBlue: Continuum Shift,85
49,Life is Strange,85
49,Bit.Trip Presents...Runner2: Future Legend of Rhythm Alien,85
49,Hotline Miami,85
49,Teenage Mutant Ninja Turtles: Shredder's Revenge,85
49,Guitar Hero World Tour (2008),85
49,Giants: Citizen Kabuto,85
49,Nioh: Bloodshed's End,85
49,Final Fantasy XV: Royal Edition,85
49,Tropico,85
49,Aliens Versus Predator 2,85
49,Metal Slug X,85
49,Rumble Racing,85
50,Tomb Raider II,85
50,World Series Baseball,85
50,Wizardry 8,85
50,Aliens Versus Predator 2,85
50,Metal Slug X,85
50,Core Keeper,85
50,MotoGP 3: Ultimate Racing Technology,85
50,Rocket League,85
50,Dead or Alive 4,85
50,Pure,85
50,LocoRoco 2,85
50,The Lord of the Rings Online: Mines of Moria,85
50,Control: Ultimate Edition,85
50,SoulCalibur IV,85
50,The Forgotten City,85
50,Kingdom Hearts,85
50,Frostpunk 2,85
50,Marvel's Spider-Man: Miles Morales,85
50,The Binding of Isaac: Afterbirth,85
50,Amnesia: The Dark Descent,85
50,Project Gotham Racing,85
50,Fable (2004),85
50,Forza Horizon,85
50,Chaos Reborn,85
51,Batman: Arkham Shadow,85
51,GTR FIA Racing,85
51,Shadow Hearts: Covenant,85
51,Yakuza 0: Director's Cut,85
51,Syphon Filter: Logan's Shadow,85
51,Solium Infernum,85
51,Football Manager 2011,85
51,NBA Live 2005,85
51,qomp2,85
51,South Park: The Stick of Truth,85
51,Clive Barker's Undying,85
51,Monkey Island 2 Special Edition: LeChuck's Revenge,85
51,Fire Emblem: The Sacred Stones,85
51,Dark Souls: Prepare to Die Edition,85
51,The Binding of Isaac: Afterbirth +,85
51,Tunic,85
51,Shadow Tactics: Blades of the Shogun,85
51,Medieval II: Total War Kingdoms,85
51,Maboshi's Arcade,85
51,Monopoly Tycoon (2001),85
51,Final Fantasy X / X-2 HD Remaster,85
51,Resogun: Defenders,85
51,The Legend of Zelda: Four Swords Anniversary Edition,85
51,Shovel Knight,85
52,DJMax Respect,85
52,Pro Evolution Soccer 2017,85
52,In Stars And Time,85
52,Wargroove 2,85
52,The Cosmic Wheel Sisterhood,85
52,Hot Shots Golf 3,85
52,WWE SmackDown! Here Comes the Pain,85
52,Alan Wake II: Night Springs Expansion,85
52,Jusant,85
52,Easy Come Easy Golf,85
52,Sam &amp; Max Episode 204: Chariots of the Dogs,85
52,Marvel vs. Capcom 3: Fate of Two Worlds,85
52,Lies of P: Overture,85
52,Ys VIII: Lacrimosa of DANA,85
52,Machinarium,85
52,Nioh 2,85
52,Frozen Synapse,85
52,Champions of Norrath,85
52,The Witcher 3: Wild Hunt - Complete Edition,85
52,Freelancer,85
52,Guitar Hero 5,85
52,Bayonetta &amp; Vanquish,85
52,Octopath Traveler II,85
52,NBA JAM: On Fire Edition,85
53,The Wolf Among Us: Episode 1 - Faith,85
53,Galactic Civilizations III: Crusade,85
53,Final Fantasy IV,85
53,Super Stardust HD,85
53,Robo Recall,85
53,Dungeons of Dreadrock 2 - The Dead King's Secret,85
53,Super Paper Mario,85
53,Star Wars: Rogue Squadron 3D,85
53,Football Manager 2022,85
53,Oxygen Not Included,85
53,Professor Layton and the Curious Village,85
53,The Walking Dead: Episode 3 - Long Road Ahead,85
53,Torn Away,85
53,AudioSurf,85
53,STASIS: BONE TOTEM,85
53,Forza Horizon 5: Hot Wheels,85
53,Yakuza 0,85
53,Super Mario 64,85
53,Cyberpunk 2077: Ultimate Edition,85
53,Dead Rising,85
53,MLB The Show 17,85
53,Death's Door,85
53,Destiny 2,85
53,AMID EVIL,85
54,Mario Kart 7,85
54,Prince of Persia: The Two Thrones,85
54,Halo: The Master Chief Collection,85
54,Batman: The Enemy Within - Episode 5: Same Stitch,85
54,Phantasy Star Online Episode I &amp; II,85
54,Doki Doki Literature Club Plus!,85
54,Assault Android Cactus,85
54,Pikmin 3 Deluxe,85
54,Fire Emblem: Path of Radiance,85
54,Final Fantasy XI,85
54,Super Mega Baseball,85
54,F355 Challenge: Passione Rossa,85
54,NASCAR Thunder 2002,85
54,DDRMAX: Dance Dance Revolution,85
54,Full Metal Furies,85
54,The Elder Scrolls III: Bloodmoon,85
54,Boom Blox,85
54,Madden NFL 08,85
54,Rogue Legacy,85
54,BattleBlock Theater,85
54,Pokemon Diamond Version,85
54,Ikaruga,85
54,Virtua Fighter 5 Online,85
54,Yakuza Kiwami 2,85
55,The Rise of the Golden Idol,85
55,Borderlands: The Secret Armory of General Knoxx,85
55,Heroes of Hammerwatch - Ultimate Edition,85
55,West of Loathing,85
55,UFC Undisputed 3,85
55,Football Manager 2014,85
55,System Shock: Enhanced Edition,85
55,Metal Gear Solid: The Twin Snakes,85
55,The Lord of the Rings: The Return of the King,85
55,EverQuest: Gates of Discord,85
55,FIFA 2001 Major League Soccer,85
55,AI: The Somnium Files - nirvanA Initiative,85
55,Hell Clock,85
55,Fight Night 2004,85
55,Wipeout: Omega Collection,85
55,A Space For The Unbound,85
55,Tangle Tower,85
55,Mortal Kombat XL,85
55,Worldless,85
55,Sid Meier's Civilization V: Brave New World,85
55,The Warriors,85
55,Red Faction: Guerrilla,85
55,Ratchet &amp; Clank (PS4),85
55,MLB The Show 16,85
56,Valkyria Chronicles 4,85
56,Football Manager 2021,85
56,Final Fantasy IV (3D Remake),85
56,Kirby and the Forgotten Land,85
56,Mutant Mudds Collection,85
56,NeuroVoider,85
56,Total War: Three Kingdoms,85
56,The Last Door: Season 2,85
56,Thronebreaker: The Witcher Tales,85
56,Brothers in Arms: Earned in Blood,85
56,Far Cry 4,85
56,Shadow Gambit: The Cursed Crew,85
56,Tetris (2010),85
56,Apollo Justice: Ace Attorney Trilogy,85
56,Ace Attorney Investigations Collection,85
56,The Sims: Hot Date,85
56,Serious Sam: The Second Encounter,85
56,American McGee's Alice,85
56,Need for Speed: Underground,85
56,Turok: Dinosaur Hunter,85
56,Castlevania: Order of Ecclesia,85
56,Batman: Arkham City - Armored Edition,85
56,Trials Evolution: Gold Edition,85
56,Chime Sharp,85
57,Tetris Forever,85
57,Moss,85
57,Bionic Commando: Rearmed,85
57,ESPN NBA 2K5,85
57,Death Stranding: Director's Cut,85
57,"Warhammer 40,000: Dawn of War - Winter Assault",85
57,Silent Hill 3,85
57,Outer Wilds,85
57,Tomb Raider: Definitive Edition,85
57,Starcraft Remastered,85
57,Planescape: Torment - Enhanced Edition,85
57,Pyre,85
57,Manifold Garden,85
57,inFamous,85
57,"Papers, Please",85
57,Space Invaders Extreme,85
57,DiRT 4,85
57,The Alters,85
57,Radiant Historia,85
57,Star Wars: The Old Republic,85
57,Mario + Rabbids: Kingdom Battle,85
57,Far Cry 2,85
57,Crash Bandicoot 4: It's About Time,85
57,Dark Age of Camelot: Shrouded Isles,85
58,Obsidian,85
58,Ratchet &amp; Clank: Size Matters,85
58,NFL Blitz 2000,85
58,Anarchy Online: Shadowlands,85
58,Disgaea 4 Complete+,85
58,428: Shibuya Scramble,85
58,Mario Golf: Advance Tour,84
58,Call of Duty: World at War,84
58,"Warhammer 40,000: Dawn of War II - Chaos Rising",84
58,Bomberman Live,84
58,Ni no Kuni II: Revenant Kingdom,84
58,Tactics Ogre: Reborn,84
58,Statik,84
58,Shantae: Half-Genie Hero - Ultimate Edition,84
58,Keep Talking and Nobody Explodes,84
58,Valkyria Chronicles Remastered,84
58,F1 2018,84
58,Peggle: Dual Shot,84
58,Disgaea: Afternoon of Darkness,84
58,Kingdom Hearts HD I.5 + II.5 Remix,84
58,The Movies,84
58,Persona 4 Arena Ultimax,84
58,Crysis 2,84
58,Virtua Tennis: World Tour,84
59,Rare Replay,84
59,Lonely Mountains: Downhill,84
59,Neverwinter Nights: Hordes of the Underdark,84
59,Street Fighter III: Double Impact,84
59,Command &amp; Conquer: Generals,84
59,OlliOlli World,84
59,Quake III Revolution,84
59,FIFA Soccer 2004,84
59,Sid Meier's SimGolf,84
59,Two Point Museum,84
59,Middle-earth: Shadow of Mordor,84
59,SpaceChem,84
59,Viva Pinata,84
59,OlliOlli World: VOID Riders,84
59,Pokemon Ultra Sun,84
59,Fatal Frame II: Crimson Butterfly - Director's Cut,84
59,The Hundred Line: Last Defense Academy,84
59,Shin Megami Tensei V,84
59,Blast Off,84
59,Star Wars: Starfighter,84
59,If Found...,84
59,Horizon Zero Dawn: Complete Edition,84
59,PlanetSide 2,84
59,Planet Coaster,84
60,Shovel Knight: Specter of Torment,84
60,Street Fighter X Tekken,84
60,Guilty Gear Xrd -SIGN-,84
60,'Splosion Man,84
60,TxK,84
60,F1 2021,84
60,Beyond Good &amp; Evil HD,84
60,High Heat Major League Baseball 2003,84
60,Super Street Fighter II Turbo: Revival,84
60,FIFA 17,84
60,Rakuen,84
60,GT Legends,84
60,The Sims 4: Island Living,84
60,F1 2010,84
60,Maximo: Ghosts to Glory,84
60,BlazBlue: Central Fiction,84
60,Ninja Gaiden: Ragebound,84
60,Sound Shapes,84
60,Gears 5,84
60,Hearthstone: Heroes of Warcraft - Goblins Vs. Gnomes,84
60,MotorStorm,84
60,The Case of the Golden Idol,84
60,WHAT THE GOLF?,84
60,God of War: Origins Collection,84
61,Salt and Sanctuary,84
61,Xenogears,84
61,Space Rangers 2: Rise of the Dominators,84
61,Tetris DS,84
61,Dark Souls Remastered,84
61,Shin Megami Tensei: Devil Survivor,84
61,Tales From The Borderlands: Episode 1 - Zer0 Sum,84
61,Forza Motorsport,84
61,Top Spin 4,84
61,Sprint Vector,84
61,UFC Undisputed 2010,84
61,Monster Hunter Tri,84
61,Blasphemous 2,84
61,Command &amp; Conquer: Red Alert 2,84
61,Return to Castle Wolfenstein,84
61,Hitman 2: Silent Assassin,84
61,Heroes of Might and Magic IV,84
61,Assassin's Creed III,84
61,Deus Ex: Invisible War,84
61,Shogun: Total War,84
61,Outland,84
61,Rayman Legends: Definitive Edition,84
61,Mega Man X Legacy Collection,84
61,Shin Megami Tensei: Devil Survivor 2 Record Breaker,84
62,Gears of War 4,84
62,Mass Effect 3: Citadel,84
62,Halo 5: Guardians,84
62,Lil Gator Game,84
62,SNK vs. Capcom: Card Fighters' Clash,84
62,s.p.l.i.t,84
62,NBA 2K7,84
62,Football Manager 2012,84
62,The Elder Scrolls V: Skyrim Special Edition,84
62,ZEN Pinball 2: South Park: Super-Sweet Pinball,84
62,Trine 2: Director's Cut,84
62,The Incredible Hulk: Ultimate Destruction,84
62,Shovel Knight Pocket Dungeon,84
62,Guitar Hero: Metallica,84
62,Guild Wars Factions,84
62,Guacamelee!,84
62,Gorogoa,84
62,No More Heroes 2: Desperate Struggle,84
62,Yakuza: Like a Dragon,84
62,NBA 2K14,84
62,Darkest Dungeon,84
62,Sid Meier's Civilization Revolution,84
62,Overcooked! All You Can Eat,84
62,DiRT Rally 2.0,84
63,Spore,84
63,Fear Effect 2: Retro Helix,84
63,Sega GT,84
63,MotoGP,84
63,Colin McRae Rally 04,84
63,Unity of Command,84
63,Dorfromantik,84
63,Midnight Club 3: DUB Edition,84
63,Hearthstone: Heroes of Warcraft - The Grand Tournament,84
63,Red Matter 2,84
63,Eliza,84
63,"Time Gentlemen, Please!",84
63,The Walking Dead: Episode 2 - Starved for Help,84
63,Mushihimesama,84
63,Mario &amp; Luigi: Bowser's Inside Story + Bowser Jr.'s Journey,84
63,Total War: WARHAMMER II - Rise of the Tomb Kings,84
63,Beacon Pines,84
63,Deus Ex: Mankind Divided,84
63,Frozen Synapse Prime,84
63,Little Goody Two Shoes,84
63,Nine Sols,84
63,Killzone 3,84
63,F1 2012,84
63,Wargroove,84
64,Stacking,84
64,Thumper,84
64,F1 2011,84
64,Devil May Cry 3: Dante's Awakening,84
64,Axiom Verge,84
64,Professor Layton and the Diabolical Box,84
64,NBA 2K9,84
64,Europa Universalis IV: Wealth of Nations,84
64,MOTHERGUNSHIP: FORGE,84
64,Disciples II: Dark Prophecy,84
64,Red Faction II,84
64,Silent Hill 2: Restless Dreams,84
64,System Shock 2: 25th Anniversary Remaster,84
64,Frostpunk,84
64,Keep Driving,84
64,Football Manager 2020,84
64,Streets of Rage 4,84
64,Polybius,84
64,Crysis Warhead,84
64,Devil May Cry 4,84
64,Need for Speed: Most Wanted,84
64,Uncharted: The Lost Legacy,84
64,Tom Clancy's Rainbow Six 3: Black Arrow,84
64,SoulCalibur VI,84
65,Griftlands,84
65,Hyper Light Drifter,84
65,ZEN Pinball 2: Aliens Vs. Pinball,84
65,Senua's Saga: Hellblade II - Enhanced,84
65,Dragon Quest III HD-2D Remake,84
65,Wipeout 64,84
65,San Francisco Rush 2049,84
65,Microsoft Train Simulator,84
65,Super Mario Bros.,84
65,Gerda: A Flame in Winter,84
65,Splashdown,84
65,Age of Mythology: The Titans,84
65,Dead or Alive,84
65,Super Mario Advance,84
65,Spider-Man: Mysterio's Menace,84
65,SimCity 4,84
65,Sega Soccer Slam,84
65,Magic: The Gathering Arena,84
65,Infernax,84
65,Gordian Quest,84
65,"Snipperclips Plus: Cut It Out, Together!",84
65,Lair of the Clockwork God,84
65,Hatsune Miku: Project Diva Future Tone - Future Sound,84
65,Hatsune Miku: Project Diva Future Tone - Colorful Tone,84
66,Fuga: Melodies of Steel,84
66,Disgaea 7: Vows of the Virtueless,84
66,Hogwarts Legacy,84
66,Dark Void Zero,84
66,Etrian Odyssey IV: Legends of the Titan,84
66,Bravely Default: Flying Fairy HD Remaster,84
66,Risk of Rain Returns,84
66,The Legend of Heroes: Trails through Daybreak,84
66,ElecHead,84
66,Resident Evil Village,84
66,DJ Hero,84
66,Black Mesa,84
66,Rise of Nations: Rise of Legends,84
66,Bulletstorm,84
66,Tony Hawk's American Sk8land,84
66,FRU,84
66,FTL: Faster Than Light,84
66,Fallout: New Vegas,84
66,Diablo IV: Vessel of Hatred,84
66,Dragon Quest V: Hand of the Heavenly Bride,84
66,Xenoblade Chronicles X,84
66,Ace Combat 5: The Unsung War,84
66,X-Men Legends II: Rise of Apocalypse,84
66,Resogun,84
67,Viewfinder,84
67,SOMA,84
67,DEFCON: Everybody Dies,84
67,The Drifter,84
67,Rayman,84
67,Puyo Pop,84
67,Pinball FX 2: Marvel Pinball - Vengeance and Virtue,84
67,NASCAR: Dirt to Daytona,84
67,NASCAR Thunder 2003,84
67,Saints Row: The Third,84
67,Gran Turismo 5,84
67,Tron 2.0,84
67,Skate 2,84
67,Broken Sword - Shadow of the Templars: Reforged,84
67,Pokemon Ultra Moon,84
67,Danmaku Unlimited 3,84
67,The Darkside Detective: A Fumble in the Dark,84
67,Borderlands,84
67,Indigo Prophecy,84
67,Half-Minute Hero,84
67,Nioh: Complete Edition,84
67,Madden NFL 11,84
67,Age of Empires II: Definitive Edition,84
67,Mutant Mudds Deluxe,84
68,Fantasy Zone,84
68,Anomaly Agent,84
68,Spiritfarer,84
68,Thimbleweed Park,84
68,F1 2019,84
68,The Rogue Prince of Persia,84
68,Medieval: Total War - Viking Invasion,84
68,The Legend of Zelda,84
68,Battlefield Vietnam,84
68,Dance Dance Revolution Konamix,84
68,Tom Clancy's Ghost Recon 2: Summit Strike,84
68,Baba Is You,84
68,Guild Wars Nightfall,84
68,ENDER MAGNOLIA: Bloom in the Mist,84
68,Sayonara Wild Hearts,84
68,Disgaea 2: Dark Hero Days,84
68,Oddworld: Abe's Oddysee - New 'n' Tasty,84
68,The Binding of Isaac,84
68,Patrick's Parabox,84
68,Lost in Play,84
68,Enemy Territory: Quake Wars,84
68,Valkyrie Profile 2: Silmeria,84
68,WarHawk (2007),84
68,Back to the Dawn,84
69,Back to the Dawn,84
69,Mediterranea Inferno,84
69,FIFA 14,84
69,New Super Mario Bros. U,84
69,Ultra Street Fighter IV,84
69,Momodora: Moonlit Farewell,84
69,Trine 2,84
69,Rift (2011),84
69,PixelJunk Monsters: Ultimate HD,84
69,Timespinner,84
69,Zero Escape: Virtue's Last Reward,84
69,Telling Lies,84
69,Hitman - Episode 2: Sapienza,84
69,Swords &amp; Soldiers,84
69,BioShock: The Collection,84
69,This Way Madness Lies,84
69,Fuga: Melodies of Steel 2,84
69,The Wolf Among Us: Episode 5 - Cry Wolf,84
69,Child of Eden,84
69,The End Is Nigh,84
69,Sid Meier's Civilization IV: Warlords,84
69,Crow Country,84
69,Hitman,84
69,Zeus: Master of Olympus - Poseidon,84
70,Battlefield 1942: The Road to Rome,84
70,Master of Orion II: Battle at Antares,84
70,Tom Clancy's Ghost Recon,84
70,Resident Evil 4 HD,84
70,Full Spectrum Warrior,84
70,SpeedRunners,84
70,Unsighted,84
70,Final Fantasy Pixel Remaster: FF35th Anniversary Edition,84
70,FIFA 16,84
70,Retro Bowl,84
70,FIFA 18,84
70,Vanquish,84
70,Tiger Woods PGA Tour 09,84
70,Super Mario RPG,84
70,Shin Megami Tensei IV: Apocalypse,84
70,Darwinia+,84
70,Football Manager 2024,84
70,WWE SmackDown! vs. Raw 2006,84
70,DOOM: The Dark Ages,84
70,ChuChu Rocket!,84
70,Spy Hunter,84
70,Ecco the Dolphin: Defender of the Future,84
70,Onimusha 2: Samurai's Destiny,84
70,Ultimate General: Gettysburg,84
71,Trine 2: Complete Story,84
71,Jak 3,84
71,Psi-Ops: The Mindgate Conspiracy,84
71,Ravenswatch,84
71,Ghost of Tsushima: Iki Island,84
71,Prodeus,84
71,Just Shapes &amp; Beats,83
71,Assassin's Creed Origins: The Curse of the Pharaohs,83
71,Borderlands 2: Mr. Torgue's Campaign of Carnage,83
71,Berserk Boy,83
71,Final Fantasy XI: Treasures of Aht Urhgan,83
71,VA-11 Hall-A: Cyberpunk Bartender Action,83
71,Two Point Hospital,83
71,Lumines Remastered,83
71,Castlevania Advance Collection,83
71,Shiren the Wanderer: The Mystery Dungeon of Serpentcoil Island,83
71,DmC: Devil May Cry Definitive Edition,83
71,Pro Evolution Soccer 2018,83
71,Grim Dawn,83
71,Call of Duty: Black Ops 4,83
71,Fear the Spotlight,83
71,Battlefield 1943,83
71,BlazBlue: Chrono Phantasma,83
71,Ghost of Tsushima,83
72,Tetris 99,83
72,Resident Evil 0,83
72,Virtua Tennis 2,83
72,MDK2,83
72,Marvel Pinball,83
72,Kid Icarus: Uprising,83
72,Gunpoint,83
72,Sly 3: Honor Among Thieves,83
72,Detention,83
72,Hakuoki: Kyoto Winds,83
72,LocoRoco,83
72,Anno 2070,83
72,The Yakuza Remastered Collection,83
72,Astro's Playroom,83
72,Laika: Aged Through Blood,83
72,Guacamelee! 2,83
72,Persona 5 Strikers,83
72,Unreal Championship,83
72,Darksiders II,83
72,Red Dead Redemption and Undead Nightmare,83
72,Metro Exodus: Enhanced Edition,83
72,Final Fantasy IV Pixel Remaster,83
72,Look Outside,83
72,Bloodstained: Ritual of the Night,83
73,N+,83
73,Fallout 3: Point Lookout,83
73,Guild Wars 2: Path of Fire,83
73,I Expect You To Die 2: The Spy And The Liar,83
73,EA Sports College Football 25,83
73,No More Heroes,83
73,Shin Megami Tensei IV,83
73,EverQuest: The Shadows of Luclin,83
73,Rygar: The Legendary Adventure,83
73,The Typing of the Dead,83
73,Galactic Civilizations,83
73,Command &amp; Conquer: Generals - Zero Hour,83
73,Homeworld 2,83
73,Silent Storm,83
73,Halo 3: ODST,83
73,Ghost Trick: Phantom Detective,83
73,Crash Team Racing: Nitro-Fueled,83
73,PixelJunk Monsters,83
73,MLB Power Pros,83
73,Age of Wonders 4,83
73,Tony Hawk's Underground 2 Remix,83
73,Persona Q: Shadow of the Labyrinth,83
73,DiRT,83
73,Klonoa: Empire of Dreams,83
74,Comet Crash,83
74,Kingdom Hearts III,83
74,Steins;Gate,83
74,Fable: The Lost Chapters,83
74,Resident Evil 5,83
74,POPUCOM,83
74,Racing Gears Advance,83
74,Dead or Alive Ultimate,83
74,Splatoon 3,83
74,Call of Duty: Black Ops II,83
74,Bleed 2,83
74,Bushido Blade,83
74,Resident Evil HD Remaster,83
74,This War of Mine,83
74,Devil Daggers,83
74,Strange Horticulture,83
74,NBA Ballers,83
74,Genma Onimusha,83
74,Space Station Silicon Valley,83
74,Red Dead Redemption Featuring Undead Nightmare,83
74,The Blackwell Epiphany,83
74,The Lord of the Rings Online: Siege of Mirkwood,83
74,The Elder Scrolls Online: Summerset,83
74,Sine Mora,83
75,One Finger Death Punch 2,83
75,Retro City Rampage DX,83
75,Out of the Park Baseball 10,83
75,Need for Speed: Shift,83
75,Colin McRae Rally 2005,83
75,Need for Speed: Most Wanted (2005),83
75,Bangai-O Spirits,83
75,Cassette Beasts,83
75,The Forest (2014),83
75,Anno 1800 Console Edition,83
75,Call of Duty: Modern Warfare Remastered,83
75,MLB The Show 20,83
75,Hearts of Iron II,83
75,Ring Fit Adventure,83
75,NieR Replicant ver.1.22474487139...,83
75,Pinball Hall of Fame: The Williams Collection,83
75,Final Fantasy XIII,83
75,NCAA Football 10,83
75,Dawnfolk,83
75,ZEN Pinball 2: Portal Pinball,83
75,Mario Kart 8 Deluxe: Booster Course Pass - Wave 3,83
75,TimeSplitters: Future Perfect,83
75,Project CARS,83
75,Crush (2007),83
76,Total War: WARHAMMER II - Curse of the Vampire Coast,83
76,Riven: The Sequel to Myst,83
76,Two Point Campus,83
76,Guardian Heroes,83
76,Danganronpa Decadence,83
76,Age of Empires,83
76,Icewind Dale II,83
76,Duck Game,83
76,EverQuest II: Echoes of Faydwer,83
76,Unpacking,83
76,Pocket Card Jockey,83
76,Dragon Quest Builders,83
76,Transistor,83
76,Bleach: The Blade of Fate,83
76,Lumines: Electronic Symphony,83
76,Prince of Persia: Warrior Within,83
76,Splatoon 2,83
76,Sorry We're Closed,83
76,Forgive Me Father 2,83
76,Everyday Shooter,83
76,Stray,83
76,Crackdown,83
76,World of Goo 2,83
76,EverQuest II,83
77,Yakuza 6: The Song of Life,83
77,UFC Undisputed 2009,83
77,Madden NFL 09,83
77,MLB 06: The Show,83
77,Magic: Duels of the Planeswalkers 2014,83
77,Dead Rising Deluxe Remaster,83
77,Age of Mythology: Retold,83
77,Sam &amp; Max: The Devil's Playhouse - Episode 2: The Tomb of Sammun-Mak,83
77,Picross DS,83
77,Spider-Man 2,83
77,Combat Flight Simulator 2: WWII Pacific Theater,83
77,Super Puzzle Fighter II Turbo,83
77,Xenosaga Episode I: Der Wille zur Macht,83
77,Colin McRae Rally 2.0,83
77,Tom Clancy's Rainbow Six 3: Raven Shield,83
77,Fallout: New Vegas - Old World Blues,83
77,Clubhouse Games,83
77,NHL 13,83
77,Shovel Knight: King of Cards,83
77,ROBOBEAT,83
77,Labyrinth of Galleria: The Moon Society,83
77,TEVI,83
77,Resistance 3,83
77,Orcs Must Die! 2,83
78,Metro Redux,83
78,Octopath Traveler,83
78,Triangle Strategy,83
78,BYE-BYE BOXBOY!,83
78,Ratchet &amp; Clank Collection,83
78,Picross 3D,83
78,Gunstar Super Heroes,83
78,Stretchmo,83
78,The Misadventures of P.B. Winterbottom,83
78,Gradius Origins,83
78,Mega Man Zero / ZX Legacy Collection,83
78,Drop Duchy,83
78,Persona 2: Eternal Punishment,83
78,Mighty Flip Champs!,83
78,Betrayal At Club Low,83
78,Castlevania: Lords of Shadow,83
78,The Riftbreaker,83
78,30 Birds,83
78,Rosewater,83
78,Crisis Core: Final Fantasy VII,83
78,Starseed Pilgrim,83
78,Age of Conan: Rise of the Godslayer,83
78,Darksiders,83
78,Starfield,83
79,OlliOlli: Switch Stance,83
79,NBA Live 2003,83
79,Karaoke Revolution (2003),83
79,Monaco: What's Yours Is Mine,83
79,Castle Crashers Remastered,83
79,Pac-Man Championship Edition,83
79,Mutant Mudds: Super Challenge,83
79,Cupid Parasite,83
79,Moss: Book II,83
79,LISA: Definitive Edition,83
79,Rogue Galaxy,83
79,inFamous 2,83
79,Nintendogs: Chihuahua &amp; Friends,83
79,Yakuza 5,83
79,No Man's Sky Beyond,83
79,Between Horizons,83
79,MLB The Show 25,83
79,Hardspace: Shipbreaker,83
79,Zero Escape: Zero Time Dilemma,83
79,Sunlight,83
79,GRIS,83
79,UnderMine,83
79,WarioWare: Smooth Moves,83
79,Super Mega Baseball 3,83
80,The Sexy Brutale,83
80,Worldwide Soccer Manager 2009,83
80,V Rising,83
80,FIFA 19,83
80,Prison Architect,83
80,Ape Out,83
80,Mortal Kombat X,83
80,Art Style: PiCTOBiTS,83
80,Crimson Skies,83
80,Rayman 3,83
80,Steel Battalion,83
80,Valdis Story: Abyssal City,83
80,Sonic Advance 2,83
80,NCAA College Basketball 2K3,83
80,FIFA 2001,83
80,Professor Layton and the Last Specter,83
80,NBA 2K15,83
80,Danganronpa 1-2 Reload,83
80,Nintendogs: Lab &amp; Friends,83
80,Xenoblade Chronicles 2,83
80,World of Warcraft: Shadowlands,83
80,Madden NFL 16,83
80,RACE 07: Official WTCC Game,83
80,Advance Wars 1 + 2: Re-Boot Camp,83
81,Shadow Tactics: Blades of the Shogun - Aiko's Choice,83
81,2010 FIFA World Cup South Africa,83
81,Gravity Rush,83
81,Pokemon Omega Ruby,83
81,Horizon Zero Dawn: The Frozen Wilds,83
81,Ninja Gaiden: Dragon Sword,83
81,Rhythm Heaven Fever,83
81,Ms. 'Splosion Man,83
81,EverQuest II: Rise of Kunark,83
81,The Last Clockwinder,83
81,Ninja Gaiden Sigma 2,83
81,Dragon Quest Heroes: Rocket Slime,83
81,Contra 4,83
81,Rhythm Heaven,83
81,Collection of Mana,83
81,The Legend of Heroes: Trails in the Sky the 3rd,83
81,Path of Exile: The Fall of Oriath,83
81,Total War: WARHAMMER III - Forge of the Chaos Dwarfs,83
81,Dark Age of Camelot: Catacombs,83
81,SANABI,83
81,MiSide,83
81,Nintendogs: Dalmatian &amp; Friends,83
81,Pistol Whip,83
81,Hypnospace Outlaw,83
82,All-Star Baseball 2003,83
82,Looney Tunes: Space Race,83
82,Spore Creature Creator,83
82,Final Fantasy V,83
82,James Bond 007: Everything or Nothing,83
82,Overcooked! 2: Surf 'n' Turf,83
82,Disc Room,83
82,And Yet It Moves,83
82,Tribes: Vengeance,83
82,Super Puzzle Fighter II Turbo HD Remix,83
82,Pathfinder: Wrath of the Righteous,83
82,Pokemon Legends: Arceus,83
82,Kirby Mass Attack,83
82,Alan Wake,83
82,Dragon Quest Wars,83
82,L.A. Noire: The Complete Edition,83
82,Sonic the Hedgehog 2,83
82,Green Hell VR,83
82,VVVVVV,83
82,Katana ZERO,83
82,GTR Evolution,83
82,Mortal Kombat 1,83
82,Killer Queen Black,83
82,Def Jam: Fight for NY,83
83,The Plucky Squire,83
83,Broforce,83
83,Dust: An Elysian Tail,83
83,Battlefield: Bad Company,83
83,Independence War 2: Edge of Chaos,83
83,Myst III: Exile,83
83,Wipeout Fusion,83
83,Ace Combat 2,83
83,NCAA Football 09,83
83,Star Wars: Battlefront II (2005),83
83,Marvel's Midnight Suns,83
83,Grounded,83
83,Sid Meier's Civilization IV: Colonization,83
83,Roadwarden,83
83,Steel Division: Normandy 44,83
83,Hearts of Iron IV,83
83,Nintendogs: Dachshund &amp; Friends,83
83,Tales From Off-Peak City Vol. 1,83
83,Skylanders Swap Force,83
83,Yoku's Island Express,83
83,Europa Universalis III,83
83,Rhythm Heaven Megamix,83
83,Duskers,83
83,Lost in Random: The Eternal Die,83
84,Door Kickers,83
84,Counter-Strike: Global Offensive,83
84,Frequency,83
84,The Last Campfire,83
84,Iconoclasts,83
84,Flipping Death,83
84,Theatrhythm Final Fantasy: Curtain Call,83
84,Boktai: The Sun Is in Your Hand,83
84,Harvest Moon: Magical Melody,83
84,Pokemon Platinum Version,83
84,Assassin's Creed Odyssey,83
84,Donkey Kong Country: Tropical Freeze,83
84,Valkyria Chronicles II,83
84,Metal Gear Solid Integral,83
84,ZEN Pinball 2: The Walking Dead,83
84,BlazBlue: Continuum Shift Extend,83
84,Crown Trick,83
84,DOOMBLADE,83
84,F1 2001,83
84,High Heat Major League Baseball 2004,83
84,Maximo vs Army of Zin,83
84,Odin Sphere,83
84,Mario Kart 64,83
84,MechWarrior 4: Mercenaries,83
85,Pine Hearts,83
85,Crusader Kings III: The Royal Court,83
85,DOOMBLADE,83
85,Llamasoft: The Jeff Minter Story,83
85,THRESHOLD (Julien Eveille),83
85,Crown Trick,83
85,OFF,83
85,"Invisible, Inc.",82
85,WarioWare D.I.Y.,82
85,Wipeout Pulse,82
85,Defense Grid: The Awakening,82
85,Dark Souls II: Crown of the Ivory King,82
85,Atelier Mysterious Trilogy Deluxe Pack,82
85,Gears of War: Ultimate Edition,82
85,Islets,82
85,Tom Clancy's Rainbow Six: Vegas 2,82
85,Command &amp; Conquer Remastered Collection,82
85,Freedom Finger,82
85,The Book of Unwritten Tales,82
85,Helldivers 2,82
85,Ys: Memories of Celceta,82
85,BioShock 2: Minerva's Den,82
85,Super Hydorah,82
85,Laser League,82
86,Killer Frequency,82
86,Street Fighter V: Champion Edition,82
86,KORG DS-10 Synthesizer,82
86,The Elder Scrolls Online: Necrom,82
86,Super Robot Taisen: Original Generation 2,82
86,Watch Dogs 2,82
86,TOCA Race Driver 3 Challenge,82
86,Dance Central (2010),82
86,GT Advance Championship Racing,82
86,Capitalism II,82
86,Rally Trophy,82
86,Ridge Racer 64,82
86,Pokemon Alpha Sapphire,82
86,Chivalry 2,82
86,Dawn of Discovery,82
86,Pinball FX3,82
86,Hot Shots Golf: Open Tee 2,82
86,Call of Duty: Black Ops 6,82
86,SingStar (2008),82
86,Lost Judgment,82
86,L.A. Noire: The VR Case Files,82
86,City of Villains,82
86,Cave Story 3D,82
86,The Banner Saga 2,82
87,Kentucky Route Zero - Act II,82
87,Not For Broadcast,82
87,Hatsune Miku: Project Diva MegaMix+,82
87,Dead Space: Extraction,82
87,NBA 2K10,82
87,Project CARS 2,82
87,Football Manager 2018,82
87,Resident Evil: Revelations,82
87,Expelled!,82
87,You Don't Know Jack (2011),82
87,SUPERHOT,82
87,Dave Mirra Freestyle BMX,82
87,Pokemon Ruby Version,82
87,Gitaroo Man,82
87,Theme Park Roller Coaster,82
87,Karaoke Revolution Volume 3,82
87,Professor Layton and the Miracle Mask,82
87,The Pinball Arcade,82
87,Yakuza 5 Remastered,82
87,Monster Hunter 3 Ultimate,82
87,Borderlands: The Handsome Collection,82
87,Super Stardust Delta,82
87,Forza Horizon 2: Storm Island,82
87,Tom Clancy's The Division 2,82
88,Act of War: Direct Action,82
88,Madden NFL 18,82
88,Geometry Wars 3: Dimensions,82
88,Stealth Inc 2: A Game of Clones,82
88,Flat Heroes,82
88,Horizon Chase Turbo,82
88,Runbow,82
88,Madden NFL 17,82
88,Sokobond,82
88,MotoHeroz,82
88,Mario vs. Donkey Kong: Minis March Again!,82
88,Zone of the Enders: The 2nd Runner,82
88,CrossCode,82
88,F1 2016,82
88,Viva Pinata: Trouble in Paradise,82
88,Sam &amp; Max Episode 105: Reality 2.0,82
88,Destiny 2: Forsaken,82
88,Operencia: The Stolen Sun,82
88,One Step From Eden,82
88,Wylde Flowers,82
88,VENDETTA FOREVER,82
88,F-Zero 99,82
88,Bejeweled 3,82
88,Lovers in a Dangerous Spacetime,82
89,Dangerous Waters,82
89,Shift 2: Unleashed,82
89,Asheron's Call 2: Fallen Kings,82
89,Iron Brigade,82
89,Super Monkey Ball Jr.,82
89,WWE SmackDown! Shut Your Mouth,82
89,Yooka-Laylee and the Impossible Lair,82
89,Hotline Miami Collection,82
89,Unreal Tournament III,82
89,N++,82
89,Mario + Rabbids: Kingdom Battle - Donkey Kong Adventure,82
89,Gemini Rue: Verschworung auf Barracus,82
89,Sonic CD,82
89,Tadpole Treble Encore,82
89,Dyad (2012),82
89,Pro Evolution Soccer 2015,82
89,Antichamber,82
89,The Murder of Sonic the Hedgehog,82
89,Atelier Sophie 2: The Alchemist of the Mysterious Dream,82
89,Neverwinter Nights 2,82
89,Mega Man Powered Up,82
89,Dreamscaper,82
89,F1 23,82
89,Tony Hawk's Pro Skater 3 + 4,82
90,Dark Souls III: The Ringed City,82
90,Dragon Age: Origins - Awakening,82
90,Shadowverse: Champion's Battle,82
90,Rome: Total War Barbarian Invasion,82
90,Hearthstone: Heroes of Warcraft - Blackrock Mountain,82
90,Gradius V,82
90,Marvel: Ultimate Alliance,82
90,NCAA Football 12,82
90,Achilles: Survivor,82
90,Backfirewall_,82
90,Virtua Racing,82
90,The Darkness (2007),82
90,I Expect You To Die,82
90,Eastward,82
90,Etrian Odyssey 2 Untold: The Fafnir Knight,82
90,Lunar Knights,82
90,Hacknet,82
90,Coral Island,82
90,Test Drive Unlimited,82
90,Tales of Monkey Island Chapter 3: Lair of the Leviathan,82
90,The Walking Dead: A Telltale Games Series - Game of the Year Edition,82
90,Hero's Hour,82
90,Blur,82
90,Neverwinter Nights 2: Mask of The Betrayer,82
91,Sins of a Solar Empire: Rebellion,82
91,Broken Sword: The Sleeping Dragon,82
91,Age of Wonders: Shadow Magic,82
91,Tom Clancy's Ghost Recon: Desert Siege,82
91,Mega Man Zero,82
91,Warlords Battlecry II,82
91,ATV Offroad Fury 2,82
91,SOCOM: U.S. Navy SEALs,82
91,Ring of Red,82
91,Sairento VR,82
91,Football Manager Live,82
91,Metro Exodus,82
91,The Talos Principle: Road To Gehenna,82
91,Stellaris: Utopia,82
91,PEAK,82
91,Bloodstained: Curse of the Moon 2,82
91,EA Sports College Football 26,82
91,TrackMania Sunrise,82
91,The Life and Suffering of Sir Brante,82
91,Ape Escape 2,82
91,Viva Pinata: Pocket Paradise,82
91,Cult of the Lamb,82
91,Children of Morta,82
91,Subnautica: Below Zero,82
92,Huntdown,82
92,PixelJunk Shooter 2,82
92,Super Mario 3D All-Stars,82
92,Tekken Tag Tournament 2,82
92,Shantae and the Pirate's Curse,82
92,The Elder Scrolls V: Skyrim - Dragonborn,82
92,Galak-Z: The Dimensional,82
92,Sportsfriends,82
92,"Warhammer 40,000: Space Marine II",82
92,Endless Legend,82
92,DOOM (1993),82
92,FIFA 2002,82
92,Henry Hatsworth in the Puzzling Adventure,82
92,The Banner Saga 3,82
92,The Last Spell,82
92,Batbarian: Testament of the Primordials,82
92,A Plague Tale: Requiem,82
92,Gears 5: Hivebusters,82
92,SOCOM 3: U.S. Navy SEALs,82
92,Dance Dance Revolution Ultramix,82
92,Extreme-G,82
92,Sid Meier's Antietam!,82
92,Trauma Team,82
92,Under Night In-Birth Exe:Late[cl-r],82
93,Tiny Terry's Turbo Trip,82
93,The King is Watching,82
93,A Plague Tale: Requiem,82
93,The Ramp,82
93,Death Stranding,82
93,S.T.A.L.K.E.R.: Shadow of Chernobyl,82
93,Mega Man 9,82
93,Okamiden,82
93,Space Invaders Extreme 2,82
93,Hitman: Blood Money,82
93,Brutal Legend,82
93,Creaks,82
93,Kero Blaster,82
93,Skullgirls: 2nd Encore,82
93,Castle Crashers,82
93,Gloomhaven,82
93,VIDEOBALL,82
93,Gunman Clive,82
93,Is This Seat Taken?,82
93,The Vale: Shadow of the Crown,82
93,Vectronom,82
93,Magical Delicacy,82
93,The Wolf Among Us: Episode 3 - A Crooked Mile,82
93,The Chronicles of Riddick: Assault on Dark Athena,82
94,Astalon: Tears of the Earth,82
94,Slime-san,82
94,Mortal Kombat 11,82
94,Pro Evolution Soccer 2013,82
94,Outer Wilds: Echoes of the Eye,82
94,The Sims 4: Eco Lifestyle,82
94,Flight Control HD,82
94,X-Men Legends,82
94,Ogre Battle 64: Person of Lordly Caliber,82
94,Fallout Tactics: Brotherhood of Steel,82
94,Crazy Taxi 2,82
94,Airborne Assault: Red Devils Over Arnhem,82
94,Tekken Advance,82
94,Sega GT 2002,82
94,Sonic Rush,82
94,Spyro Reignited Trilogy,82
94,Thief: Deadly Shadows,82
94,Horace,82
94,Shadows Over Loathing,82
94,NHL Eastside Hockey Manager 2005,82
94,Legend of Grimrock,82
94,Devil May Cry 3: Special Edition,82
94,Archvale,82
94,Animal Crossing: New Horizons - Happy Home Paradise,82
95,Borderlands Legendary Collection,82
95,Little Nightmares II,82
95,Control,82
95,College Hoops 2K6,82
95,Final Fantasy V Pixel Remaster,82
95,Dominions 3: The Awakening,82
95,Marvel vs. Capcom 2,82
95,Super Mario Party Jamboree,82
95,We Were Here Expeditions: The FriendShip,82
95,Crown Gambit,82
95,eFootball PES 2020,82
95,NyxQuest: Kindred Spirits,82
95,Dishonored: Death of the Outsider,82
95,Prince of Persia Classic,82
95,Star Fox Adventures,82
95,SteamWorld Dig,82
95,Fallout 3: Broken Steel,82
95,Call of Duty 3,82
95,Nightmare Reaper,82
95,This War of Mine: Final Cut,82
95,Ib,82
95,Mario Kart Wii,82
95,Remnant II: The Awakened King,82
95,Split/Second,82
96,Desktop Dungeons,82
96,Enter the Gungeon,82
96,Dragon's Crown,82
96,Sega Genesis Collection,82
96,Crusader Kings II,82
96,Tainted Grail: Conquest,82
96,Battle Realms,82
96,Europa 1400: The Guild,82
96,Warlords Battlecry,82
96,Art Academy: Home Studio,82
96,Shin Megami Tensei: Digital Devil Saga 2,82
96,Sam &amp; Max Episode 201: Ice Station Santa,82
96,Halo: Combat Evolved Anniversary,82
96,Child of Light,82
96,SOCOM: U.S. Navy SEALs Fireteam Bravo,82
96,Art Style: ORBIENT,82
96,Roots of Pacha,82
96,Cataclismo,82
96,Kingdom Hearts: Birth by Sleep,82
96,The Last Guardian,82
96,Sonic &amp; All-Stars Racing Transformed,82
96,Myst IV: Revelation,82
96,Shin Megami Tensei: Nocturne,82
96,Technobabylon,82
97,World of Warcraft: Dragonflight,82
97,World of Warcraft: Mists of Pandaria,82
97,Splatoon 2: Octo Expansion,82
97,Recettear: An Item Shop's Tale,82
97,Need for Speed: Underground 2,82
97,Harvest Moon: More Friends of Mineral Town,82
97,Filament,82
97,Botany Manor,82
97,ETHER One,82
97,Capcom Fighting Collection 2,82
97,HITMAN World of Assassination Part One - VR Edition,82
97,Bloodstained: Curse of the Moon,82
97,SOLAS 128,82
97,Lunistice,82
97,Freedom Planet,82
97,The Vanishing of Ethan Carter,82
97,Flight Simulator X: Acceleration,82
97,Etrian Odyssey II: Heroes of Lagaard,82
97,UnMetal,82
97,Blood (1997),82
97,Samurai Warriors 4 DX,82
97,The Legend of Heroes: Trails of Cold Steel III,82
97,Ys Origin,82
97,Duelyst,82
98,Command &amp; Conquer: Red Alert 3,82
98,The Walking Dead: The Telltale Definitive Series,82
98,The Walking Dead: Episode 1 - A New Day,82
98,NCAA March Madness 2004,82
98,Syberia,82
98,Earth &amp; Beyond,82
98,Virtual Pool 3,82
98,The Sims: Livin' Large,82
98,Links 2003,82
98,Counter-Strike 2,82
98,Metal Arms: Glitch in the System,82
98,MLB The Show 18,82
98,DCS: Black Shark,82
98,FIFA 08 Soccer,82
98,ModNation Racers,82
98,Soul Sacrifice Delta,82
98,King's Bounty: Armored Princess,82
98,MLB The Show 23,82
98,Circuit Superstars,82
98,Chicken Police - Paint it RED!,82
98,Age of Wonders III - Golden Realms,82
98,Rock Band Rivals,82
98,Hidden Through Time 2: Myths &amp; Magic,82
98,The Sims 4: Growing Together,82
99,Many Nights a Whisper,82
99,Enslaved: Odyssey to the West,82
99,Warhammer: Vermintide 2,82
99,Strong Bad's Cool Game for Attractive People Episode 5: 8-Bit Is Enough,82
99,Turnip Boy Robs a Bank,82
99,Clubhouse Games: 51 Worldwide Classics,82
99,Halo Wars,82
99,PixelJunk Monsters Encore,82
99,Joint Operations: Typhoon Rising,82
99,Xpand Rally,82
99,Gnosia,82
99,MotorStorm: Pacific Rift,82
99,NBA 2K19,82
99,Dark Souls II: Crown of the Sunken King,82
99,SSX,82
99,Zet Zillions,82
99,Loop Hero,82
99,Dragon Age: The Veilguard,82
99,Suikoden II,82
99,ATV Offroad Fury,82
99,30XX,82
99,Celtic Kings: Rage of War,82
99,EverQuest: The Scars of Velious,82
99,The Lord of the Rings: The Two Towers,82
100,The Lord of the Rings: The Two Towers,82
100,Final Fight One,82
100,Tom Clancy's Splinter Cell: Blacklist,82
100,Citizen Sleeper,82
100,Tekken 7,82
100,Metro: Last Light,82
100,Rising Storm,82
100,Lethal League,82
100,Puzzle Quest: Challenge of the Warlords,82
100,Mega Man 11,82
100,Ninja Five-O,82
100,Kathy Rain 2: Soothsayer,82
100,Botanicula,82
100,"Nine Hours, Nine Persons, Nine Doors",82
100,Darkest Dungeon: The Crimson Court,82
100,She Remembered Caterpillars,82
100,Life is Strange 2: Episode 5 - Wolves,82
100,College Hoops 2K7,82
100,Lil' Guardsman,82
100,Joe Danger 2: The Movie,82
100,PixelJunk Shooter Ultimate,82
100,FIFA 15,82
100,Bookworm Adventures Deluxe,82
100,WWE 2K23,82
